channel,waveguide_path_um,expected_delta_z_mm,device_port
b0,0.0,2.8449,HHI_SSCLATE1700_0p0001_1_$3ad2:o1
b0,556.51,4.1643,HHI_SSCLATE1700_0p0001_1_$3ad2:o1
b0,1199.4,5.6884,HHI_SSCLATE1700_0p0001_1_$3ad2:o2
b0,1755.91,7.0078,HHI_SSCLATE1700_0p0001_1_$3ad2:o2
b1,0.0,2.8449,HHI_SSCLATE1700_0p0001_1_$3ad2:o1
b1,556.51,4.1643,HHI_SSCLATE1700_0p0001_1_$3ad2:o1
b1,1199.4,5.6884,HHI_SSCLATE1700_0p0001_1_$3ad2:o2
b1,1755.91,7.0078,HHI_SSCLATE1700_0p0001_1_$3ad2:o2
b2,0.0,2.8449,HHI_SSCLATE1700_0p0001_1_$3ad2:o1
b2,1199.4,5.6884,HHI_SSCLATE1700_0p0001_1_$3ad2:o2
b2,4967.28,14.6212,HHI_MMI1x2E1700:o2
b2,5213.19,15.2042,HHI_MMI1x2E1700:o1
b2,5242.59,15.2739,HHI_WGMETxE1700single:o1
b2,5271.99,15.3436,HHI_WGMETxE1700single:o1
b2,5301.39,15.4133,HHI_WGMETxE1700single:o1
b2,5330.79,15.483,HHI_BJsingle:o1
b2,5459.11,15.7873,HHI_MMI1x2E1700:o3
b2,5530.19,15.9558,HHI_BJsingle:o2
b2,5584.11,16.0836,HHI_PMTOE1700_500_$c575:o2
b2,5829.59,16.6656,HHI_ISOsectionSingle_25_$3020:o1
b2,5853.99,16.7234,HHI_ISOsectionSingle_25_$3020:o2
b2,5913.39,16.8643,HHI_ISOsectionSingle_25_$3020:o1
b2,5937.79,16.9221,HHI_ISOsectionSingle_25_$3020:o2
b2,6237.19,17.6319,HHI_ISOsectionSingle_25_$3020:o1
b2,6261.59,17.6898,HHI_ISOsectionSingle_25_$3020:o2
b2,6320.99,17.8306,HHI_BJsingle:o2
b2,6493.51,18.2396,HHI_PMTOE1700_500_$c575:o1
b2,6520.39,18.3033,HHI_BJsingle:o1
b2,6522.91,18.3093,HHI_WGMETxE1700single:o1
b2,6549.79,18.373,HHI_WGMETxE1700single:o1
b2,6552.31,18.379,HHI_WGMETxE1700single:o1
b2,6579.19,18.4427,HHI_WGMETxE1700single:o1
b2,6608.59,18.5124,HHI_WGMETxE1700single:o1
b2,6637.99,18.5821,HHI_WGMETxE1700single:o2
b2,7927.48,21.6392,HHI_MMI1x2E1700:o2
b2,8173.39,22.2222,HHI_MMI1x2E1700:o1
b2,8298.39,22.5186,HHI_MMI1x2E1700:o3
b2,8419.31,22.8052,HHI_MMI1x2E1700:o3
b2,8544.31,23.1016,HHI_MMI1x2E1700:o1
b2,8554.31,23.1253,HHI_WGMETxE1700single:o2
b2,8583.71,23.195,HHI_WGMETxE1700single:o1
b2,8613.11,23.2647,HHI_SOA_300_$18f0:o2
b2,8790.22,23.6846,HHI_MMI1x2E1700:o2
b2,9027.76,24.2477,HHI_MMI2x2E1700:o1
b2,9312.51,24.9228,HHI_SOA_300_$18f0:o1
b2,9341.91,24.9925,HHI_WGMETxE1700single:o1
b2,9366.46,25.0507,HHI_MMI2x2E1700:o2
b2,9371.31,25.0622,HHI_WGMETxE1700single:o1
b2,9609.83,25.6277,HHI_MMI1x2E1700:o2
b2,9705.19,25.8538,HHI_MMI2x2E1700:o3
b2,9847.03,26.19,HHI_WGMETxE1700single:o1
b2,9855.74,26.2107,HHI_MMI1x2E1700:o1
b2,9876.43,26.2597,HHI_WGMETxE1700single:o1
b2,9905.83,26.3294,HHI_PMTOE1700_500_$c575:o1
b2,10023.79,26.6091,HHI_PMTOE1700_500_$c575:o2
b2,10101.65,26.7937,HHI_MMI1x2E1700:o3
b2,10340.17,27.3592,HHI_WGMETxE1700single:o1
b2,10369.57,27.4289,HHI_WGMETxE1700single:o1
b2,10398.97,27.4986,HHI_SOA_300_$18f0:o1
b2,10815.23,28.4854,HHI_PMTOE1700_500_$c575:o2
b2,10933.19,28.7651,HHI_PMTOE1700_500_$c575:o1
b2,10940.23,28.7818,HHI_MMI1x2E1700:o2
b2,10943.19,28.7888,HHI_WGMETxE1700single:o2
b2,10972.59,28.8585,HHI_WGMETxE1700single:o1
b2,11001.99,28.9282,HHI_SOA_300_$18f0:o2
b2,11186.14,29.3648,HHI_MMI1x2E1700:o1
b2,11215.54,29.4345,HHI_WGMETxE1700single:o1
b2,11244.94,29.5042,HHI_WGMETxE1700single:o1
b2,11274.34,29.5739,HHI_WGMETxE1700single:o1
b2,11279.86,29.587,HHI_SSCLATE1700_0p0001_1_$3ad2:o1
b2,11303.74,29.6436,HHI_BJsingle:o1
b2,11432.06,29.9478,HHI_MMI1x2E1700:o3
b2,11503.14,30.1163,HHI_BJsingle:o2
b2,11802.54,30.8261,HHI_ISOsectionSingle_25_$3020:o1
b2,11826.94,30.884,HHI_ISOsectionSingle_25_$3020:o2
b2,11868.13,30.9816,HHI_MMI1x2E1700:o2
b2,11886.34,31.0248,HHI_ISOsectionSingle_25_$3020:o1
b2,11910.74,31.0826,HHI_ISOsectionSingle_25_$3020:o2
b2,12114.05,31.5646,HHI_MMI1x2E1700:o1
b2,12210.14,31.7925,HHI_ISOsectionSingle_25_$3020:o1
b2,12234.54,31.8503,HHI_ISOsectionSingle_25_$3020:o2
b2,12293.94,31.9911,HHI_BJsingle:o2
b2,12359.96,32.1476,HHI_MMI1x2E1700:o3
b2,12479.26,32.4305,HHI_SSCLATE1700_0p0001_1_$3ad2:o2
b2,12493.34,32.4639,HHI_BJsingle:o1
b2,12522.74,32.5336,HHI_WGMETxE1700single:o1
b2,12552.14,32.6033,HHI_WGMETxE1700single:o1
b2,12581.54,32.673,HHI_WGMETxE1700single:o1
b2,12609.96,32.7403,HHI_PMTOE1700_500_$c575:o2
b2,13519.36,34.8963,HHI_PMTOE1700_500_$c575:o1
b3,0.0,2.8449,HHI_SSCLATE1700_0p0001_1_$3ad2:o1
b3,1199.4,5.6884,HHI_SSCLATE1700_0p0001_1_$3ad2:o2
b3,2489.64,8.7473,HHI_MMI1x2E1700:o2
b3,2735.55,9.3303,HHI_MMI1x2E1700:o1
b3,2745.55,9.354,HHI_WGMETxE1700single:o2
b3,2774.95,9.4237,HHI_WGMETxE1700single:o1
b3,2804.35,9.4934,HHI_SOA_300_$18f0:o2
b3,2981.47,9.9133,HHI_MMI1x2E1700:o3
b3,3106.47,10.2097,HHI_MMI1x2E1700:o1
b3,3352.38,10.7927,HHI_MMI1x2E1700:o2
b3,3503.75,11.1515,HHI_SOA_300_$18f0:o1
b3,3533.15,11.2212,HHI_WGMETxE1700single:o1
b3,3562.55,11.291,HHI_WGMETxE1700single:o1
b3,3801.07,11.8564,HHI_MMI1x2E1700:o2
b3,3960.84,12.2352,HHI_MMI2x2E1700:o1
b3,4046.99,12.4394,HHI_MMI1x2E1700:o1
b3,4292.9,13.0224,HHI_MMI1x2E1700:o3
b3,4299.54,13.0382,HHI_MMI2x2E1700:o2
b3,4531.42,13.5879,HHI_WGMETxE1700single:o1
b3,4560.82,13.6576,HHI_WGMETxE1700single:o1
b3,4590.22,13.7273,HHI_SOA_300_$18f0:o1
b3,4638.26,13.8412,HHI_MMI2x2E1700:o3
b3,4727.55,14.0529,HHI_WGMETxE1700single:o1
b3,4756.95,14.1226,HHI_WGMETxE1700single:o1
b3,4780.11,14.1775,HHI_WGMETxE1700single:o1
b3,4786.35,14.1923,HHI_PMTOE1700_500_$c575:o1
b3,4809.51,14.2472,HHI_WGMETxE1700single:o1
b3,4838.91,14.3169,HHI_PMTOE1700_500_$c575:o1
b3,4956.87,14.5966,HHI_PMTOE1700_500_$c575:o2
b3,5289.62,15.3854,HHI_SOA_300_$18f0:o2
b3,5319.02,15.4551,HHI_WGMETxE1700single:o1
b3,5348.42,15.5248,HHI_WGMETxE1700single:o2
b3,5358.42,15.5486,HHI_PMTOE1700_500_$c575:o1
b3,5695.75,16.3483,HHI_PMTOE1700_500_$c575:o2
b3,5748.31,16.4729,HHI_PMTOE1700_500_$c575:o2
b3,5820.75,16.6446,HHI_MMI1x2E1700:o3
b3,5873.31,16.7692,HHI_MMI1x2E1700:o2
b3,6066.67,17.2276,HHI_MMI1x2E1700:o1
b3,6096.07,17.2973,HHI_WGMETxE1700single:o1
b3,6119.22,17.3522,HHI_MMI1x2E1700:o1
b3,6125.47,17.367,HHI_WGMETxE1700single:o1
b3,6148.62,17.4219,HHI_WGMETxE1700single:o1
b3,6154.87,17.4367,HHI_WGMETxE1700single:o1
b3,6178.02,17.4916,HHI_WGMETxE1700single:o1
b3,6184.27,17.5064,HHI_BJsingle:o1
b3,6207.42,17.5613,HHI_WGMETxE1700single:o1
b3,6236.82,17.631,HHI_BJsingle:o1
b3,6312.58,17.8106,HHI_MMI1x2E1700:o2
b3,6365.13,17.9352,HHI_MMI1x2E1700:o3
b3,6383.67,17.9792,HHI_BJsingle:o2
b3,6436.22,18.1038,HHI_BJsingle:o2
b3,6683.07,18.689,HHI_ISOsectionSingle_25_$3020:o1
b3,6707.47,18.7468,HHI_ISOsectionSingle_25_$3020:o2
b3,6735.62,18.8136,HHI_ISOsectionSingle_25_$3020:o1
b3,6760.02,18.8714,HHI_ISOsectionSingle_25_$3020:o2
b3,6766.87,18.8877,HHI_ISOsectionSingle_25_$3020:o1
b3,6791.27,18.9455,HHI_ISOsectionSingle_25_$3020:o2
b3,6819.42,19.0123,HHI_ISOsectionSingle_25_$3020:o1
b3,6843.82,19.0701,HHI_ISOsectionSingle_25_$3020:o2
b3,7090.67,19.6553,HHI_ISOsectionSingle_25_$3020:o1
b3,7115.07,19.7132,HHI_ISOsectionSingle_25_$3020:o2
b3,7143.22,19.7799,HHI_ISOsectionSingle_25_$3020:o1
b3,7167.62,19.8378,HHI_ISOsectionSingle_25_$3020:o2
b3,7174.47,19.854,HHI_BJsingle:o2
b3,7227.02,19.9786,HHI_BJsingle:o2
b3,7373.87,20.3267,HHI_BJsingle:o1
b3,7403.27,20.3964,HHI_WGMETxE1700single:o1
b3,7426.42,20.4513,HHI_BJsingle:o1
b3,7432.67,20.4661,HHI_WGMETxE1700single:o1
b3,7455.82,20.521,HHI_WGMETxE1700single:o1
b3,7462.07,20.5358,HHI_WGMETxE1700single:o1
b3,7485.22,20.5907,HHI_WGMETxE1700single:o1
b3,7491.47,20.6055,HHI_WGMETxE1700single:o2
b3,7514.62,20.6604,HHI_WGMETxE1700single:o1
b3,7544.02,20.7301,HHI_WGMETxE1700single:o2
b3,11190.3,29.3746,HHI_PMTOE1700_500_$c575:o1
b3,11279.86,29.587,HHI_SSCLATE1700_0p0001_1_$3ad2:o1
b3,12099.7,31.5306,HHI_PMTOE1700_500_$c575:o2
b3,12349.7,32.1233,HHI_MMI1x2E1700:o3
b3,12479.26,32.4305,HHI_SSCLATE1700_0p0001_1_$3ad2:o2
b3,12595.61,32.7063,HHI_MMI1x2E1700:o1
b3,12721.61,33.005,HHI_MMI1x2E1700:o2
b4,0.0,2.8449,HHI_SSCLATE1700_0p0001_1_$3ad2:o1
b4,1199.4,5.6884,HHI_SSCLATE1700_0p0001_1_$3ad2:o2
b5,0.0,2.8449,HHI_SSCLATE1700_0p0001_1_$3ad2:o1
b5,1072.95,5.3886,HHI_WGMETxE1700single:o1
b5,1102.35,5.4583,HHI_WGMETxE1700single:o2
b5,1199.4,5.6884,HHI_SSCLATE1700_0p0001_1_$3ad2:o2
b5,2332.35,8.3744,HHI_WGMETxE1700single:o1
b5,2361.75,8.4441,HHI_WGMETxE1700single:o2
b5,3231.75,10.5067,HHI_WGMETxE1700single:o1
b5,3261.15,10.5764,HHI_WGMETxE1700single:o2
b5,3330.89,10.7417,HHI_WGMETxE1700single:o1
b5,3360.29,10.8114,HHI_WGMETxE1700single:o2
b5,3406.29,10.9205,HHI_WGMETxE1700single:o1
b5,3435.69,10.9902,HHI_WGMETxE1700single:o2
b5,3611.07,11.406,HHI_WGMETxE1700single:o1
b5,3640.47,11.4757,HHI_WGMETxE1700single:o1
b5,3669.87,11.5454,HHI_WGMETxE1700single:o2
b5,3771.87,11.7872,HHI_WGMETxE1700single:o1
b5,3801.27,11.8569,HHI_WGMETxE1700single:o2
b5,4442.27,13.3766,HHI_WGMETxE1700single:o1
b5,4471.67,13.4463,HHI_WGMETxE1700single:o2
b6,0.0,2.8449,HHI_SSCLATE1700_0p0001_1_$3ad2:o1
b6,1113.36,5.4845,HHI_WGMETxE1700single:o1
b6,1142.76,5.5542,HHI_WGMETxE1700single:o2
b6,1199.4,5.6884,HHI_SSCLATE1700_0p0001_1_$3ad2:o2
b6,2372.76,8.4702,HHI_WGMETxE1700single:o1
b6,2402.16,8.5399,HHI_WGMETxE1700single:o2
b6,4591.12,13.7294,HHI_MMI1x2E1700:o2
b6,4837.03,14.3125,HHI_MMI1x2E1700:o1
b6,4847.03,14.3362,HHI_WGMETxE1700single:o2
b6,4876.43,14.4059,HHI_WGMETxE1700single:o1
b6,4905.83,14.4756,HHI_WGMETxE1700single:o1
b6,4935.23,14.5453,HHI_WGMETxE1700single:o1
b6,4964.63,14.615,HHI_SOA_300_$18f0:o2
b6,5082.94,14.8955,HHI_MMI1x2E1700:o3
b6,5207.94,15.1918,HHI_MMI1x2E1700:o1
b6,5453.86,15.7748,HHI_MMI1x2E1700:o2
b6,5664.03,16.2731,HHI_SOA_300_$18f0:o1
b6,5693.43,16.3428,HHI_WGMETxE1700single:o1
b6,5722.83,16.4125,HHI_WGMETxE1700single:o1
b6,5752.23,16.4822,HHI_WGMETxE1700single:o1
b6,5781.63,16.5519,HHI_WGMETxE1700single:o1
b6,5811.03,16.6216,HHI_WGMETxE1700single:o1
b6,6049.55,17.1871,HHI_MMI1x2E1700:o2
b6,6062.31,17.2173,HHI_MMI2x2E1700:o1
b6,6295.47,17.7701,HHI_MMI1x2E1700:o1
b6,6401.01,18.0203,HHI_MMI2x2E1700:o2
b6,6541.38,18.3531,HHI_MMI1x2E1700:o3
b6,6739.74,18.8233,HHI_MMI2x2E1700:o3
b6,6779.9,18.9186,HHI_WGMETxE1700single:o1
b6,6809.3,18.9883,HHI_WGMETxE1700single:o1
b6,6838.7,19.058,HHI_WGMETxE1700single:o1
b6,6868.1,19.1277,HHI_WGMETxE1700single:o1
b6,6897.5,19.1974,HHI_WGMETxE1700single:o1
b6,6926.9,19.2671,HHI_SOA_300_$18f0:o1
b6,7058.35,19.5787,HHI_PMTOE1700_500_$c575:o2
b6,7626.3,20.9252,HHI_SOA_300_$18f0:o2
b6,7655.7,20.9949,HHI_WGMETxE1700single:o1
b6,7685.1,21.0646,HHI_WGMETxE1700single:o1
b6,7714.5,21.1343,HHI_WGMETxE1700single:o1
b6,7743.9,21.204,HHI_WGMETxE1700single:o2
b6,7753.9,21.2277,HHI_PMTOE1700_500_$c575:o1
b6,8289.89,22.4984,HHI_MMI1x2E1700:o1
b6,8311.01,22.5485,HHI_MMI1x2E1700:o1
b6,8535.81,23.0814,HHI_MMI1x2E1700:o2
b6,8556.93,23.1315,HHI_MMI1x2E1700:o2
b6,9030.45,24.2541,crossing_e1700_$b2bf:down
b6,9195.85,24.6462,crossing_e1700_$b2bf:up
b6,9268.05,24.8174,crossing_e1700_$b2bf:down
b6,9402.65,25.1365,crossing_e1700_$b2bf:down
b6,9433.45,25.2095,crossing_e1700_$b2bf:up
b6,9568.05,25.5286,crossing_e1700_$b2bf:up
b6,9640.25,25.6998,crossing_e1700_$b2bf:down
b6,9805.65,26.0919,crossing_e1700_$b2bf:up
b6,10106.13,26.8043,crossing_e1700_$b2bf:down
b6,10271.53,27.1964,crossing_e1700_$b2bf:up
b6,12375.35,32.1841,HHI_PMTOE1700_500_$c575:o2
b6,12405.24,32.255,HHI_PMTOE1700_500_$c575:o2
b6,12540.98,32.5768,HHI_PMTOE1700_500_$c575:o2
b6,13284.75,34.3401,HHI_PMTOE1700_500_$c575:o1
b6,13314.64,34.411,HHI_PMTOE1700_500_$c575:o1
b6,13450.38,34.7328,HHI_PMTOE1700_500_$c575:o1
b6,13477.56,34.7972,HHI_MMI1x2E1700:o3
b6,13507.44,34.8681,HHI_MMI1x2E1700:o3
b6,13643.19,35.1899,HHI_MMI1x2E1700:o3
b6,13723.47,35.3802,HHI_MMI1x2E1700:o1
b6,13752.87,35.4499,HHI_WGMETxE1700single:o1
b6,13782.27,35.5196,HHI_BJsingle:o1
b6,13889.1,35.7729,HHI_MMI1x2E1700:o1
b6,13918.5,35.8426,HHI_BJsingle:o1
b6,13969.38,35.9632,HHI_MMI1x2E1700:o2
b6,13981.67,35.9923,HHI_BJsingle:o2
b6,13999.27,36.0341,HHI_MMI1x2E1700:o2
b6,14117.9,36.3153,HHI_BJsingle:o2
b6,14135.01,36.3559,HHI_MMI1x2E1700:o2
b6,14281.07,36.7022,HHI_ISOsectionSingle_25_$3020:o1
b6,14305.47,36.76,HHI_ISOsectionSingle_25_$3020:o2
b6,14364.87,36.9008,HHI_ISOsectionSingle_25_$3020:o1
b6,14389.27,36.9587,HHI_ISOsectionSingle_25_$3020:o2
b6,14417.3,37.0251,HHI_ISOsectionSingle_25_$3020:o1
b6,14441.7,37.083,HHI_ISOsectionSingle_25_$3020:o2
b6,14501.1,37.2238,HHI_ISOsectionSingle_25_$3020:o1
b6,14525.5,37.2816,HHI_ISOsectionSingle_25_$3020:o2
b6,14688.67,37.6685,HHI_ISOsectionSingle_25_$3020:o1
b6,14713.07,37.7263,HHI_ISOsectionSingle_25_$3020:o2
b6,14772.47,37.8672,HHI_BJsingle:o2
b6,14824.9,37.9915,HHI_ISOsectionSingle_25_$3020:o1
b6,14849.3,38.0493,HHI_ISOsectionSingle_25_$3020:o2
b6,14908.7,38.1901,HHI_BJsingle:o2
b6,14971.87,38.3399,HHI_BJsingle:o1
b6,15001.27,38.4096,HHI_WGMETxE1700single:o2
b6,15108.1,38.6629,HHI_BJsingle:o1
b7,0.0,2.8449,HHI_SSCLATE1700_0p0001_1_$3ad2:o1
b7,1199.4,5.6884,HHI_SSCLATE1700_0p0001_1_$3ad2:o2
b8,0.0,2.8449,HHI_SSCLATE1700_0p0001_1_$3ad2:o1
b8,1199.4,5.6884,HHI_SSCLATE1700_0p0001_1_$3ad2:o2
b9,0.0,2.8449,HHI_SSCLATE1700_0p0001_1_$3ad2:o1
b9,530.77,4.1033,HHI_WGMETxE1700twin:o3
b9,560.17,4.173,HHI_WGMETxE1700twin:o1
b9,589.57,4.2427,HHI_WGMETxE1700twin:o1
b9,618.97,4.3124,HHI_WGMETxE1700twin:o1
b9,1199.4,5.6884,HHI_SSCLATE1700_0p0001_1_$3ad2:o2
b9,1378.97,6.1142,HHI_WGMETxE1700twin:o3
b9,1408.37,6.1839,HHI_WGMETxE1700twin:o1
b9,1437.77,6.2536,HHI_WGMETxE1700twin:o1
b10,0.0,2.8449,HHI_SSCLATE1700_0p0001_1_$3ad2:o1
b10,490.85,4.0086,HHI_WGMETxE1700twin:o4
b10,520.25,4.0783,HHI_WGMETxE1700twin:o2
b10,549.65,4.148,HHI_WGMETxE1700twin:o2
b10,579.05,4.2177,HHI_WGMETxE1700twin:o2
b10,1199.4,5.6884,HHI_SSCLATE1700_0p0001_1_$3ad2:o2
b10,1339.05,6.0195,HHI_WGMETxE1700twin:o4
b10,1368.45,6.0892,HHI_WGMETxE1700twin:o2
b10,1397.85,6.1589,HHI_WGMETxE1700twin:o2
b11,0.0,2.8449,HHI_SSCLATE1700_0p0001_1_$3ad2:o1
b11,1199.4,5.6884,HHI_SSCLATE1700_0p0001_1_$3ad2:o2
b12,0.0,2.8449,HHI_SSCLATE1700_0p0001_1_$3ad2:o1
b12,1199.4,5.6884,HHI_SSCLATE1700_0p0001_1_$3ad2:o2
b13,0.0,2.8449,HHI_SSCLATE1700_0p0001_1_$3ad2:o1
b13,1199.4,5.6884,HHI_SSCLATE1700_0p0001_1_$3ad2:o2
b14,0.0,2.8449,HHI_SSCLATE1700_0p0001_1_$3ad2:o1
b14,1199.4,5.6884,HHI_SSCLATE1700_0p0001_1_$3ad2:o2
b14,1960.2,7.4921,HHI_MMI1x2E1700:o2
b14,2206.11,8.0751,HHI_MMI1x2E1700:o1
b14,2216.11,8.0988,HHI_SOA_300_$18f0:o2
b14,2452.02,8.6581,HHI_MMI1x2E1700:o3
b14,2577.02,8.9545,HHI_MMI1x2E1700:o1
b14,2822.94,9.5375,HHI_MMI1x2E1700:o2
b14,2915.51,9.757,HHI_SOA_300_$18f0:o1
b14,2944.91,9.8267,HHI_WGMETxE1700single:o1
b14,2974.31,9.8964,HHI_WGMETxE1700single:o1
b14,3212.83,10.4618,HHI_MMI1x2E1700:o2
b14,3431.4,10.98,HHI_MMI2x2E1700:o1
b14,3458.75,11.0448,HHI_MMI1x2E1700:o1
b14,3704.66,11.6279,HHI_MMI1x2E1700:o3
b14,3770.1,11.783,HHI_MMI2x2E1700:o2
b14,3943.18,12.1933,HHI_WGMETxE1700single:o1
b14,3972.58,12.263,HHI_WGMETxE1700single:o1
b14,4001.98,12.3327,HHI_SOA_300_$18f0:o1
b14,4108.82,12.586,HHI_MMI2x2E1700:o3
b14,4427.43,13.3414,HHI_PMTOE1700_500_$c575:o2
b14,4701.38,13.9909,HHI_SOA_300_$18f0:o2
b14,4711.38,14.0146,HHI_PMTOE1700_500_$c575:o1
b14,5824.35,16.6532,HHI_MMI1x2E1700:o1
b14,5913.97,16.8656,HHI_MMI1x2E1700:o1
b14,6070.27,17.2362,HHI_MMI1x2E1700:o2
b14,6159.88,17.4486,HHI_MMI1x2E1700:o2
b14,6300.27,17.7815,crossing_e1700_$b2bf:right
b14,6321.68,17.8322,crossing_e1700_$b2bf:right
b14,6464.88,18.1717,crossing_e1700_$b2bf:right
b14,6487.08,18.2243,crossing_e1700_$b2bf:left
b14,6508.41,18.2749,crossing_e1700_$b2bf:down
b14,6630.28,18.5639,crossing_e1700_$b2bf:left
b14,6673.81,18.667,crossing_e1700_$b2bf:up
b14,6831.28,19.0404,crossing_e1700_$b2bf:right
b14,6996.68,19.4325,crossing_e1700_$b2bf:left
b14,7270.41,20.0814,crossing_e1700_$b2bf:down
b14,7435.81,20.4736,crossing_e1700_$b2bf:up
b14,10558.06,27.8757,HHI_MMI1x2E1700:o2
b14,10803.98,28.4587,HHI_MMI1x2E1700:o1
b14,10833.38,28.5284,HHI_BJsingle:o1
b14,11032.78,29.0012,HHI_BJsingle:o2
b14,11049.89,29.0418,HHI_MMI1x2E1700:o3
b14,11242.69,29.4988,HHI_PMTOE1700_500_$c575:o1
b14,11332.18,29.711,HHI_ISOsectionSingle_25_$3020:o1
b14,11356.58,29.7688,HHI_ISOsectionSingle_25_$3020:o2
b14,11415.98,29.9097,HHI_ISOsectionSingle_25_$3020:o1
b14,11440.38,29.9675,HHI_ISOsectionSingle_25_$3020:o2
b14,11739.78,30.6773,HHI_ISOsectionSingle_25_$3020:o1
b14,11764.18,30.7352,HHI_ISOsectionSingle_25_$3020:o2
b14,11823.58,30.876,HHI_BJsingle:o2
b14,12022.98,31.3487,HHI_BJsingle:o1
b14,12052.38,31.4184,HHI_WGMETxE1700single:o2
b14,12152.09,31.6548,HHI_PMTOE1700_500_$c575:o2
b14,12299.5,32.0043,HHI_WGMETxE1700single:o2
b14,12328.9,32.074,HHI_WGMETxE1700single:o1
b14,12358.3,32.1437,HHI_WGMETxE1700single:o1
b14,12387.7,32.2134,HHI_WGMETxE1700single:o1
b14,12417.1,32.2831,HHI_WGMETxE1700single:o1
b14,12446.5,32.3528,HHI_WGMETxE1700single:o1
b14,12475.9,32.4225,HHI_WGMETxE1700single:o1
b14,12505.3,32.4922,HHI_WGMETxE1700single:o1
b14,12534.7,32.5619,HHI_WGMETxE1700single:o1
b14,13374.7,34.5534,HHI_WGMETxE1700single:o2
b14,13404.1,34.6231,HHI_WGMETxE1700single:o1
b14,13433.5,34.6928,HHI_WGMETxE1700single:o1
b14,13462.9,34.7625,HHI_WGMETxE1700single:o1
b14,13492.3,34.8322,HHI_WGMETxE1700single:o1
b14,13521.7,34.9019,HHI_WGMETxE1700single:o1
b14,13551.1,34.9716,HHI_WGMETxE1700single:o1
b14,13580.5,35.0413,HHI_WGMETxE1700single:o1
b14,13609.9,35.111,HHI_WGMETxE1700single:o1
b14,14421.55,37.0352,crossing_e1700_$b2bf:up
b14,14586.95,37.4273,crossing_e1700_$b2bf:down
b14,14668.89,37.6216,HHI_SSCLATE1700_0p0001_1_$3ad2:o1
b14,15868.29,40.4651,HHI_SSCLATE1700_0p0001_1_$3ad2:o2
b15,0.0,2.8449,HHI_SSCLATE1700_0p0001_1_$3ad2:o1
b15,1199.4,5.6884,HHI_SSCLATE1700_0p0001_1_$3ad2:o2
b16,0.0,2.8449,HHI_SSCLATE1700_0p0001_1_$3ad2:o1
b16,482.58,3.989,HHI_WGMETxE1700single:o2
b16,511.98,4.0587,HHI_BJsingle:o1
b16,711.38,4.5314,HHI_BJsingle:o2
b16,770.78,4.6723,HHI_ISOsectionSingle_25_$3020:o2
b16,795.18,4.7301,HHI_ISOsectionSingle_25_$3020:o1
b16,1094.58,5.4399,HHI_ISOsectionSingle_25_$3020:o2
b16,1118.98,5.4978,HHI_ISOsectionSingle_25_$3020:o1
b16,1178.38,5.6386,HHI_ISOsectionSingle_25_$3020:o2
b16,1199.4,5.6884,HHI_SSCLATE1700_0p0001_1_$3ad2:o2
b16,1202.78,5.6964,HHI_ISOsectionSingle_25_$3020:o1
b16,1502.18,6.4063,HHI_BJsingle:o2
b16,1701.58,6.879,HHI_BJsingle:o1
b16,1730.98,6.9487,HHI_MMI1x2E1700:o1
b16,1976.89,7.5317,HHI_MMI1x2E1700:o2
b16,2169.69,7.9888,HHI_PMTOE1700_500_$c575:o1
b16,3079.09,10.1448,HHI_PMTOE1700_500_$c575:o2
b16,5675.22,16.2996,crossing_e1700_$b2bf:up
b16,5840.62,16.6917,crossing_e1700_$b2bf:down
b16,5924.62,16.8909,crossing_e1700_$b2bf:up
b16,6090.02,17.283,crossing_e1700_$b2bf:down
b17,0.0,2.8449,HHI_SSCLATE1700_0p0001_1_$3ad2:o1
b17,1199.4,5.6884,HHI_SSCLATE1700_0p0001_1_$3ad2:o2
b18,0.0,2.8449,HHI_SSCLATE1700_0p0001_1_$3ad2:o1
b18,1199.4,5.6884,HHI_SSCLATE1700_0p0001_1_$3ad2:o2
b19,0.0,2.8449,HHI_SSCLATE1700_0p0001_1_$3ad2:o1
b19,1058.98,5.3555,HHI_WGMETxE1700single:o1
b19,1088.38,5.4252,HHI_WGMETxE1700single:o1
b19,1117.78,5.4949,HHI_WGMETxE1700single:o1
b19,1147.18,5.5646,HHI_WGMETxE1700single:o1
b19,1176.58,5.6343,HHI_WGMETxE1700single:o1
b19,1199.4,5.6884,HHI_SSCLATE1700_0p0001_1_$3ad2:o2
b19,1205.98,5.704,HHI_WGMETxE1700single:o1
b19,1235.38,5.7737,HHI_WGMETxE1700single:o1
b19,1264.78,5.8434,HHI_WGMETxE1700single:o1
b19,1294.18,5.9131,HHI_WGMETxE1700single:o2
b19,1543.64,6.5046,HHI_WGMETxE1700single:o2
b19,1573.04,6.5743,HHI_BJsingle:o1
b19,1772.44,7.047,HHI_BJsingle:o2
b19,1831.84,7.1878,HHI_ISOsectionSingle_25_$3020:o2
b19,1856.24,7.2457,HHI_ISOsectionSingle_25_$3020:o1
b19,2155.64,7.9555,HHI_ISOsectionSingle_25_$3020:o2
b19,2180.04,8.0133,HHI_ISOsectionSingle_25_$3020:o1
b19,2239.44,8.1541,HHI_ISOsectionSingle_25_$3020:o2
b19,2263.84,8.212,HHI_ISOsectionSingle_25_$3020:o1
b19,2563.24,8.9218,HHI_BJsingle:o2
b19,2762.64,9.3945,HHI_BJsingle:o1
b19,2792.04,9.4642,HHI_MMI1x2E1700:o1
b19,3037.95,10.0472,HHI_MMI1x2E1700:o3
b19,3230.76,10.5043,HHI_PMTOE1700_500_$c575:o1
b19,4140.16,12.6603,HHI_PMTOE1700_500_$c575:o2
b19,6579.67,18.4439,crossing_e1700_$b2bf:left
b19,6739.74,18.8234,crossing_e1700_$b2bf:up
b19,6745.07,18.836,crossing_e1700_$b2bf:right
b19,6905.14,19.2155,crossing_e1700_$b2bf:down
b19,6977.34,19.3867,crossing_e1700_$b2bf:up
b19,7142.74,19.7788,crossing_e1700_$b2bf:down
b19,7988.47,21.7838,HHI_MMI1x2E1700:o3
b19,8234.38,22.3668,HHI_MMI1x2E1700:o1
b19,8480.29,22.9498,HHI_MMI1x2E1700:o2
b19,8953.82,24.0724,crossing_e1700_$b2bf:down
b19,9119.22,24.4646,crossing_e1700_$b2bf:up
b19,9191.42,24.6357,crossing_e1700_$b2bf:down
b19,9356.82,25.0279,crossing_e1700_$b2bf:up
b19,10144.38,26.895,HHI_MMI2x2E1700:o2
b19,10483.08,27.698,HHI_MMI2x2E1700:o1
b19,10801.71,28.4534,HHI_PMTOE1700_500_$c575:o2
b19,10821.8,28.501,HHI_MMI2x2E1700:o4
b19,11091.54,29.1405,HHI_MMI1x2E1700:o3
b19,11337.45,29.7235,HHI_MMI1x2E1700:o1
b19,11462.45,30.0198,HHI_MMI1x2E1700:o3
b19,11583.36,30.3065,HHI_MMI1x2E1700:o2
b19,11708.36,30.6028,HHI_MMI1x2E1700:o1
b19,11711.11,30.6094,HHI_PMTOE1700_500_$c575:o1
b19,11718.36,30.6266,HHI_WGMETxE1700single:o2
b19,11721.11,30.6331,HHI_WGMETxE1700single:o2
b19,11747.76,30.6963,HHI_WGMETxE1700single:o1
b19,11750.51,30.7028,HHI_WGMETxE1700single:o1
b19,11777.16,30.766,HHI_WGMETxE1700single:o1
b19,11779.91,30.7725,HHI_WGMETxE1700single:o1
b19,11806.56,30.8357,HHI_WGMETxE1700single:o1
b19,11809.31,30.8422,HHI_WGMETxE1700single:o1
b19,11835.96,30.9054,HHI_SOA_300_$18f0:o2
b19,11838.71,30.9119,HHI_SOA_300_$18f0:o2
b19,11954.28,31.1859,HHI_MMI1x2E1700:o2
b19,12535.36,32.5635,HHI_SOA_300_$18f0:o1
b19,12538.11,32.57,HHI_SOA_300_$18f0:o1
b19,12564.76,32.6332,HHI_WGMETxE1700single:o1
b19,12567.51,32.6397,HHI_WGMETxE1700single:o1
b19,12594.16,32.7029,HHI_WGMETxE1700single:o1
b19,12596.91,32.7094,HHI_WGMETxE1700single:o1
b19,12623.56,32.7726,HHI_WGMETxE1700single:o1
b19,12626.31,32.7791,HHI_WGMETxE1700single:o1
b19,12652.96,32.8423,HHI_WGMETxE1700single:o1
b19,12655.71,32.8488,HHI_WGMETxE1700single:o1
b19,12682.36,32.912,HHI_WGMETxE1700single:o1
b19,12685.11,32.9185,HHI_WGMETxE1700single:o1
b19,12920.89,33.4775,HHI_MMI1x2E1700:o2
b19,12923.63,33.484,HHI_MMI1x2E1700:o3
b19,13166.8,34.0605,HHI_MMI1x2E1700:o1
b19,14143.23,36.3754,HHI_WGMETxE1700single:o2
b19,14172.63,36.4451,HHI_WGMETxE1700single:o1
b19,14419.4,37.0301,HHI_MMI1x2E1700:o1
b19,14665.31,37.6131,HHI_MMI1x2E1700:o2
b20,0.0,2.8449,HHI_SSCLATE1700_0p0001_1_$3ad2:o1
b20,1199.4,5.6884,HHI_SSCLATE1700_0p0001_1_$3ad2:o2
b21,0.0,2.8449,HHI_SSCLATE1700_0p0001_1_$3ad2:o1
b21,1058.98,5.3555,HHI_WGMETxE1700single:o1
b21,1088.38,5.4252,HHI_WGMETxE1700single:o1
b21,1117.78,5.4949,HHI_WGMETxE1700single:o1
b21,1147.18,5.5646,HHI_WGMETxE1700single:o1
b21,1176.58,5.6343,HHI_WGMETxE1700single:o1
b21,1199.4,5.6884,HHI_SSCLATE1700_0p0001_1_$3ad2:o2
b21,1205.98,5.704,HHI_WGMETxE1700single:o1
b21,1235.38,5.7737,HHI_WGMETxE1700single:o1
b21,1264.78,5.8434,HHI_WGMETxE1700single:o1
b21,1294.18,5.9131,HHI_WGMETxE1700single:o2
b21,2134.18,7.9046,HHI_WGMETxE1700single:o1
b21,2163.58,7.9743,HHI_WGMETxE1700single:o1
b21,2192.98,8.044,HHI_WGMETxE1700single:o1
b21,2222.38,8.1137,HHI_WGMETxE1700single:o1
b21,2251.78,8.1834,HHI_WGMETxE1700single:o1
b21,2281.18,8.2531,HHI_WGMETxE1700single:o1
b21,2310.58,8.3228,HHI_WGMETxE1700single:o1
b21,2339.98,8.3925,HHI_WGMETxE1700single:o1
b21,2369.38,8.4622,HHI_WGMETxE1700single:o2
b21,2616.51,9.0481,HHI_WGMETxE1700single:o2
b21,2645.91,9.1178,HHI_BJsingle:o1
b21,2845.31,9.5905,HHI_BJsingle:o2
b21,2904.71,9.7313,HHI_ISOsectionSingle_25_$3020:o2
b21,2929.11,9.7892,HHI_ISOsectionSingle_25_$3020:o1
b21,3228.51,10.499,HHI_ISOsectionSingle_25_$3020:o2
b21,3252.91,10.5569,HHI_ISOsectionSingle_25_$3020:o1
b21,3312.31,10.6977,HHI_ISOsectionSingle_25_$3020:o2
b21,3336.71,10.7555,HHI_ISOsectionSingle_25_$3020:o1
b21,3636.11,11.4653,HHI_BJsingle:o2
b21,3835.51,11.9381,HHI_BJsingle:o1
b21,3864.91,12.0078,HHI_MMI1x2E1700:o1
b21,4110.82,12.5908,HHI_MMI1x2E1700:o3
b21,4303.63,13.0479,HHI_PMTOE1700_500_$c575:o1
b21,5213.03,15.2039,HHI_PMTOE1700_500_$c575:o2
b21,7233.08,19.993,crossing_e1700_$b2bf:up
b21,7398.48,20.3851,crossing_e1700_$b2bf:down
b21,7482.48,20.5842,crossing_e1700_$b2bf:up
b21,7647.88,20.9763,crossing_e1700_$b2bf:down
b21,7672.2,21.034,crossing_e1700_$b2bf:left
b21,7837.6,21.4261,crossing_e1700_$b2bf:right
b21,8038.6,21.9027,crossing_e1700_$b2bf:left
b21,8204.0,22.2948,crossing_e1700_$b2bf:right
b21,8509.0,23.0179,HHI_MMI1x2E1700:o3
b21,8754.92,23.6009,HHI_MMI1x2E1700:o1
b21,9000.83,24.1839,HHI_MMI1x2E1700:o2
b21,9218.2,24.6992,HHI_MMI1x2E1700:o2
b21,9349.35,25.0102,crossing_e1700_$b2bf:down
b21,9464.12,25.2822,HHI_MMI1x2E1700:o1
b21,9514.75,25.4023,crossing_e1700_$b2bf:up
b21,9710.03,25.8652,HHI_MMI1x2E1700:o3
b21,10898.79,28.6835,HHI_MMI2x2E1700:o2
b21,11237.49,29.4865,HHI_MMI2x2E1700:o1
b21,11556.12,30.2419,HHI_PMTOE1700_500_$c575:o2
b21,11576.21,30.2896,HHI_MMI2x2E1700:o4
b21,11845.95,30.929,HHI_MMI1x2E1700:o3
b21,12091.86,31.512,HHI_MMI1x2E1700:o1
b21,12216.86,31.8084,HHI_MMI1x2E1700:o3
b21,12300.15,32.0058,HHI_MMI1x2E1700:o2
b21,12337.78,32.095,HHI_MMI1x2E1700:o2
b21,12462.78,32.3914,HHI_MMI1x2E1700:o1
b21,12465.52,32.3979,HHI_PMTOE1700_500_$c575:o1
b21,12472.78,32.4151,HHI_SOA_300_$18f0:o2
b21,12475.52,32.4216,HHI_SOA_300_$18f0:o2
b21,12546.06,32.5888,HHI_MMI1x2E1700:o1
b21,12671.06,32.8852,HHI_MMI1x2E1700:o3
b21,12708.69,32.9744,HHI_MMI1x2E1700:o2
b21,12791.98,33.1719,HHI_MMI1x2E1700:o3
b21,12916.98,33.4682,HHI_MMI1x2E1700:o1
b21,12926.98,33.4919,HHI_WGMETxE1700single:o2
b21,12956.38,33.5616,HHI_WGMETxE1700single:o1
b21,12985.78,33.6313,HHI_WGMETxE1700single:o1
b21,13015.18,33.701,HHI_WGMETxE1700single:o1
b21,13044.58,33.7707,HHI_SOA_300_$18f0:o2
b21,13162.89,34.0512,HHI_MMI1x2E1700:o2
b21,13172.18,34.0732,HHI_SOA_300_$18f0:o1
b21,13174.92,34.0797,HHI_SOA_300_$18f0:o1
b21,13201.58,34.1429,HHI_WGMETxE1700single:o1
b21,13204.32,34.1494,HHI_WGMETxE1700single:o1
b21,13230.98,34.2126,HHI_WGMETxE1700single:o1
b21,13233.72,34.2191,HHI_WGMETxE1700single:o1
b21,13400.43,34.6144,HHI_MMI2x2E1700:o1
b21,13469.5,34.7781,HHI_MMI1x2E1700:o2
b21,13472.24,34.7846,HHI_MMI1x2E1700:o3
b21,13549.58,34.968,HHI_PMTOE1700_500_$c575:o2
b21,13715.41,35.3611,HHI_MMI1x2E1700:o1
b21,13739.13,35.4174,HHI_MMI2x2E1700:o2
b21,13743.98,35.4288,HHI_SOA_300_$18f0:o1
b21,13773.38,35.4985,HHI_WGMETxE1700single:o1
b21,13802.78,35.5682,HHI_WGMETxE1700single:o1
b21,13832.18,35.6379,HHI_WGMETxE1700single:o1
b21,13861.58,35.7076,HHI_WGMETxE1700single:o1
b21,13890.98,35.7773,HHI_WGMETxE1700single:o1
b21,14077.86,36.2204,HHI_MMI2x2E1700:o3
b21,14129.5,36.3428,HHI_MMI1x2E1700:o2
b21,14375.41,36.9258,HHI_MMI1x2E1700:o1
b21,14396.47,36.9757,HHI_PMTOE1700_500_$c575:o2
b21,14458.98,37.1239,HHI_PMTOE1700_500_$c575:o1
b21,14621.33,37.5088,HHI_MMI1x2E1700:o3
b21,14651.78,37.581,HHI_MMI1x2E1700:o3
b21,14668.89,37.6216,HHI_SSCLATE1700_0p0001_1_$3ad2:o1
b21,14859.85,38.0743,HHI_WGMETxE1700single:o1
b21,14889.25,38.144,HHI_WGMETxE1700single:o1
b21,14897.69,38.164,HHI_MMI1x2E1700:o1
b21,14918.65,38.2137,HHI_WGMETxE1700single:o1
b21,14927.09,38.2337,HHI_WGMETxE1700single:o1
b21,14948.05,38.2834,HHI_WGMETxE1700single:o1
b21,14956.49,38.3034,HHI_BJsingle:o1
b21,14977.45,38.3531,HHI_WGMETxE1700single:o1
b21,15006.85,38.4228,HHI_WGMETxE1700single:o2
b21,15143.61,38.747,HHI_MMI1x2E1700:o2
b21,15155.89,38.7762,HHI_BJsingle:o2
b21,15305.87,39.1317,HHI_PMTOE1700_500_$c575:o1
b21,15868.29,40.4651,HHI_SSCLATE1700_0p0001_1_$3ad2:o2
b22,0.0,2.8449,HHI_SSCLATE1700_0p0001_1_$3ad2:o1
b22,1199.4,5.6884,HHI_SSCLATE1700_0p0001_1_$3ad2:o2
b23,0.0,2.8449,HHI_SSCLATE1700_0p0001_1_$3ad2:o1
b23,1199.4,5.6884,HHI_SSCLATE1700_0p0001_1_$3ad2:o2
b24,0.0,2.8449,HHI_SSCLATE1700_0p0001_1_$3ad2:o1
b24,1058.98,5.3555,HHI_WGMETxE1700single:o1
b24,1088.38,5.4252,HHI_WGMETxE1700single:o1
b24,1117.78,5.4949,HHI_WGMETxE1700single:o1
b24,1147.18,5.5646,HHI_WGMETxE1700single:o1
b24,1176.58,5.6343,HHI_WGMETxE1700single:o1
b24,1199.4,5.6884,HHI_SSCLATE1700_0p0001_1_$3ad2:o2
b24,1205.98,5.704,HHI_WGMETxE1700single:o1
b24,1235.38,5.7737,HHI_WGMETxE1700single:o1
b24,1264.78,5.8434,HHI_WGMETxE1700single:o1
b24,1294.18,5.9131,HHI_WGMETxE1700single:o2
b24,2134.18,7.9046,HHI_WGMETxE1700single:o1
b24,2163.58,7.9743,HHI_WGMETxE1700single:o1
b24,2192.98,8.044,HHI_WGMETxE1700single:o1
b24,2222.38,8.1137,HHI_WGMETxE1700single:o1
b24,2251.78,8.1834,HHI_WGMETxE1700single:o1
b24,2281.18,8.2531,HHI_WGMETxE1700single:o1
b24,2310.58,8.3228,HHI_WGMETxE1700single:o1
b24,2339.98,8.3925,HHI_WGMETxE1700single:o1
b24,2369.38,8.4622,HHI_WGMETxE1700single:o2
b24,3400.57,10.9069,HHI_WGMETxE1700single:o2
b24,3429.97,10.9766,HHI_WGMETxE1700single:o1
b24,3459.37,11.0463,HHI_WGMETxE1700single:o1
b24,3488.77,11.116,HHI_WGMETxE1700single:o1
b24,3518.17,11.1857,HHI_WGMETxE1700single:o1
b24,3547.57,11.2554,HHI_WGMETxE1700single:o1
b24,3576.97,11.3251,HHI_WGMETxE1700single:o1
b24,3606.37,11.3948,HHI_WGMETxE1700single:o1
b24,3635.77,11.4645,HHI_WGMETxE1700single:o1
b24,3665.17,11.5342,HHI_BJsingle:o1
b24,3864.57,12.007,HHI_BJsingle:o2
b24,3923.97,12.1478,HHI_ISOsectionSingle_25_$3020:o2
b24,3948.37,12.2056,HHI_ISOsectionSingle_25_$3020:o1
b24,4247.77,12.9155,HHI_ISOsectionSingle_25_$3020:o2
b24,4272.17,12.9733,HHI_ISOsectionSingle_25_$3020:o1
b24,4331.57,13.1141,HHI_ISOsectionSingle_25_$3020:o2
b24,4355.97,13.172,HHI_ISOsectionSingle_25_$3020:o1
b24,4655.37,13.8818,HHI_BJsingle:o2
b24,4854.77,14.3545,HHI_BJsingle:o1
b24,4884.17,14.4242,HHI_WGMETxE1700single:o1
b24,4913.57,14.4939,HHI_MMI1x2E1700:o1
b24,5159.49,15.0769,HHI_MMI1x2E1700:o2
b24,5352.29,15.534,HHI_PMTOE1700_500_$c575:o1
b24,6261.69,17.69,HHI_PMTOE1700_500_$c575:o2
b24,8017.13,21.8518,crossing_e1700_$b2bf:left
b24,8182.53,22.2439,crossing_e1700_$b2bf:right
b24,10101.24,26.7927,HHI_MMI1x2E1700:o3
b24,10347.15,27.3757,HHI_MMI1x2E1700:o1
b24,10593.06,27.9587,HHI_MMI1x2E1700:o2
b24,12163.39,31.6816,crossing_e1700_$b2bf:down
b24,12328.79,32.0737,crossing_e1700_$b2bf:up
b24,13183.18,34.0993,HHI_MMI1x2E1700:o2
b24,13429.1,34.6823,HHI_MMI1x2E1700:o1
b24,13554.1,34.9787,HHI_MMI1x2E1700:o3
b24,13675.01,35.2653,HHI_MMI1x2E1700:o3
b24,13800.01,35.5617,HHI_MMI1x2E1700:o1
b24,13810.01,35.5854,HHI_WGMETxE1700single:o2
b24,13839.41,35.6551,HHI_WGMETxE1700single:o1
b24,13868.81,35.7248,HHI_WGMETxE1700single:o1
b24,13898.21,35.7945,HHI_WGMETxE1700single:o1
b24,13927.61,35.8642,HHI_SOA_300_$18f0:o2
b24,14045.93,36.1447,HHI_MMI1x2E1700:o2
b24,14283.47,36.7078,HHI_MMI2x2E1700:o1
b24,14598.24,37.4541,HHI_PMTOE1700_500_$c575:o2
b24,14622.17,37.5108,HHI_MMI2x2E1700:o2
b24,14627.01,37.5223,HHI_SOA_300_$18f0:o1
b24,14656.41,37.592,HHI_WGMETxE1700single:o1
b24,14685.81,37.6617,HHI_WGMETxE1700single:o1
b24,14715.21,37.7314,HHI_WGMETxE1700single:o1
b24,14744.61,37.8011,HHI_WGMETxE1700single:o1
b24,14774.01,37.8708,HHI_WGMETxE1700single:o1
b24,14960.89,38.3139,HHI_MMI2x2E1700:o3
b24,15507.64,39.6101,HHI_PMTOE1700_500_$c575:o1
b25,0.0,2.8449,HHI_SSCLATE1700_0p0001_1_$3ad2:o1
b25,1199.4,5.6884,HHI_SSCLATE1700_0p0001_1_$3ad2:o2
b26,0.0,2.8449,HHI_SSCLATE1700_0p0001_1_$3ad2:o1
b26,1199.4,5.6884,HHI_SSCLATE1700_0p0001_1_$3ad2:o2
b26,5126.81,14.9995,HHI_MMI1x2E1700:o1
b26,5372.72,15.5825,HHI_MMI1x2E1700:o2
b26,5622.72,16.1752,HHI_PMTOE1700_500_$c575:o2
b26,6532.12,18.3311,HHI_PMTOE1700_500_$c575:o1
b26,10178.4,26.9757,HHI_WGMETxE1700single:o2
b26,10207.8,27.0454,HHI_WGMETxE1700single:o1
b26,10237.2,27.1151,HHI_WGMETxE1700single:o1
b26,10266.6,27.1848,HHI_WGMETxE1700single:o1
b26,10296.0,27.2545,HHI_BJsingle:o1
b26,10495.4,27.7272,HHI_BJsingle:o2
b26,10554.8,27.868,HHI_ISOsectionSingle_25_$3020:o2
b26,10579.2,27.9259,HHI_ISOsectionSingle_25_$3020:o1
b26,10602.87,27.982,HHI_WGMETxE1700single:o2
b26,10632.27,28.0517,HHI_WGMETxE1700single:o1
b26,10661.67,28.1214,HHI_WGMETxE1700single:o1
b26,10691.07,28.1911,HHI_WGMETxE1700single:o1
b26,10720.47,28.2608,HHI_BJsingle:o1
b26,10878.6,28.6357,HHI_ISOsectionSingle_25_$3020:o2
b26,10903.0,28.6935,HHI_ISOsectionSingle_25_$3020:o1
b26,10919.87,28.7335,HHI_BJsingle:o2
b26,10962.4,28.8343,HHI_ISOsectionSingle_25_$3020:o2
b26,10979.27,28.8743,HHI_ISOsectionSingle_25_$3020:o2
b26,10986.8,28.8922,HHI_ISOsectionSingle_25_$3020:o1
b26,11003.67,28.9322,HHI_ISOsectionSingle_25_$3020:o1
b26,11286.2,29.602,HHI_BJsingle:o2
b26,11303.07,29.642,HHI_ISOsectionSingle_25_$3020:o2
b26,11327.47,29.6998,HHI_ISOsectionSingle_25_$3020:o1
b26,11386.87,29.8406,HHI_ISOsectionSingle_25_$3020:o2
b26,11411.27,29.8985,HHI_ISOsectionSingle_25_$3020:o1
b26,11485.6,30.0747,HHI_BJsingle:o1
b26,11515.0,30.1444,HHI_WGMETxE1700single:o1
b26,11544.4,30.2141,HHI_WGMETxE1700single:o1
b26,11573.8,30.2838,HHI_WGMETxE1700single:o1
b26,11603.2,30.3535,HHI_MMI1x2E1700:o1
b26,11710.67,30.6083,HHI_BJsingle:o2
b26,11849.12,30.9365,HHI_MMI1x2E1700:o2
b26,11910.07,31.081,HHI_BJsingle:o1
b26,11939.47,31.1507,HHI_WGMETxE1700single:o1
b26,11968.87,31.2204,HHI_WGMETxE1700single:o1
b26,11974.12,31.2329,HHI_PMTOE1700_500_$c575:o2
b26,11998.27,31.2901,HHI_WGMETxE1700single:o1
b26,12027.67,31.3598,HHI_MMI1x2E1700:o1
b26,12273.58,31.9428,HHI_MMI1x2E1700:o2
b26,12398.58,32.2392,HHI_PMTOE1700_500_$c575:o2
b26,12883.52,33.3889,HHI_PMTOE1700_500_$c575:o1
b26,12912.92,33.4586,HHI_WGMETxE1700single:o1
b26,12942.32,33.5283,HHI_WGMETxE1700single:o1
b26,13307.98,34.3952,HHI_PMTOE1700_500_$c575:o1
b26,13337.38,34.4649,HHI_WGMETxE1700single:o1
b26,13366.78,34.5346,HHI_WGMETxE1700single:o1
b26,13422.89,34.6676,HHI_MMI2x2E1700:o2
b26,13761.59,35.4706,HHI_MMI2x2E1700:o1
b26,14080.22,36.226,HHI_PMTOE1700_500_$c575:o2
b26,14100.31,36.2736,HHI_MMI2x2E1700:o4
b26,14370.04,36.9131,HHI_MMI1x2E1700:o3
b26,14615.96,37.4961,HHI_MMI1x2E1700:o1
b26,14740.96,37.7924,HHI_MMI1x2E1700:o3
b26,14986.87,38.3755,HHI_MMI1x2E1700:o1
b26,14989.62,38.382,HHI_PMTOE1700_500_$c575:o1
b26,14996.87,38.3992,HHI_WGMETxE1700single:o2
b26,14999.62,38.4057,HHI_WGMETxE1700single:o2
b26,15026.27,38.4689,HHI_WGMETxE1700single:o1
b26,15029.02,38.4754,HHI_WGMETxE1700single:o1
b26,15232.78,38.9585,HHI_MMI1x2E1700:o2
b27,0.0,2.8449,HHI_SSCLATE1700_0p0001_1_$3ad2:o1
b27,640.05,4.3623,HHI_SSCLATE1700_0p0001_1_$3ad2:o1
b27,1199.4,5.6884,HHI_SSCLATE1700_0p0001_1_$3ad2:o2
b27,1839.45,7.2059,HHI_SSCLATE1700_0p0001_1_$3ad2:o2
b28,0.0,2.8449,HHI_SSCLATE1700_0p0001_1_$3ad2:o1
b28,640.05,4.3623,HHI_SSCLATE1700_0p0001_1_$3ad2:o1
b28,1199.4,5.6884,HHI_SSCLATE1700_0p0001_1_$3ad2:o2
b28,1839.45,7.2059,HHI_SSCLATE1700_0p0001_1_$3ad2:o2
