lambda_nm,z_facetA_mm,z_facetB_mm,dz_mm,ng,snr_A_dB,snr_B_dB,used
1516.227,1579.360940,1588.815263,9.454323,1.942717,19.10,10.06,0
1517.227,1579.362943,1588.821767,9.458825,1.943642,17.17,10.96,0
1518.227,1579.364445,1589.233024,9.868580,2.027841,18.30,9.31,0
1519.227,1579.365446,1589.224519,9.859073,2.025887,18.78,9.61,0
1520.227,1579.365946,1589.222768,9.856822,2.025424,18.64,10.22,0
1521.227,1579.365946,1588.836777,9.470830,1.946109,19.43,9.05,0
1522.227,1579.365195,1589.232274,9.867078,2.027532,19.45,10.47,0
1523.227,1579.363694,1589.224769,9.861076,2.026299,18.55,8.54,0
1524.227,1579.360940,1589.299066,9.938126,2.042131,16.84,8.61,0
1525.227,1579.357936,1589.231023,9.873087,2.028767,16.57,8.53,0
1526.227,1579.353681,1589.220517,9.866836,2.027482,16.49,8.18,0
1527.227,1579.349676,1589.301067,9.951391,2.044857,16.97,8.56,0
1528.227,1579.346672,1589.235526,9.888854,2.032006,16.90,6.06,0
1529.227,1579.343919,1588.864044,9.520125,1.956238,17.72,5.81,0
1530.227,1579.341165,1588.867546,9.526381,1.957524,19.14,6.89,0
1531.227,1579.338662,1589.398878,10.060216,2.067219,18.81,7.16,0
1532.227,1579.336660,1589.395876,10.059216,2.067013,18.74,7.14,0
1533.227,1579.335659,1589.248534,9.912876,2.036943,18.61,6.99,0
1534.227,1579.335408,1589.399378,10.063970,2.067990,18.88,6.60,0
1535.227,1579.335659,1589.258791,9.923132,2.039050,18.23,7.27,0
1536.227,1579.336660,1589.317327,9.980667,2.050873,19.26,6.84,0
1537.227,1579.338412,1589.258040,9.919628,2.038330,19.04,7.76,0
1538.227,1579.341165,1589.388372,10.047206,2.064545,17.89,6.35,0
1539.227,1579.344670,1589.250786,9.906116,2.035554,16.38,6.56,0
1540.227,1579.348675,1589.248034,9.899359,2.034165,15.51,6.23,0
1541.227,1579.351929,1589.244782,9.892853,2.032828,16.73,6.96,0
1542.227,1579.355684,1589.233024,9.877341,2.029641,17.90,7.18,0
1543.227,1579.359188,1589.373612,10.014424,2.057809,19.06,6.75,0
1544.227,1579.361941,1589.361855,9.999914,2.054828,19.25,9.35,0
1545.227,1579.364194,1589.356602,9.992407,2.053285,18.33,10.18,0
1546.227,1579.365696,1589.352099,9.986403,2.052051,19.20,9.38,0
1547.227,1579.366948,1589.173237,9.806289,2.015041,19.59,6.93,0
1548.227,1579.367949,1589.352349,9.984400,2.051640,19.66,8.64,0
1549.227,1579.368450,1589.177490,9.809040,2.015606,19.01,10.78,0
1550.227,1579.368450,1589.169985,9.801535,2.014064,19.01,11.36,0
1551.227,1579.368700,1589.179741,9.811041,2.016017,19.33,13.00,0
1552.227,1579.368199,1589.176989,9.808790,2.015555,20.82,12.99,0
1553.227,1579.367448,1589.174988,9.807540,2.015298,20.27,13.09,0
1554.227,1579.366697,1589.176989,9.810292,2.015863,20.79,14.29,1
1555.227,1579.366447,1589.177490,9.811043,2.016018,21.04,15.38,1
1556.227,1579.366197,1589.177490,9.811293,2.016069,19.72,15.38,1
1557.227,1579.366447,1589.172487,9.806040,2.014989,20.12,14.87,1
1558.227,1579.366697,1589.174488,9.807790,2.015349,21.41,17.03,1
1559.227,1579.367949,1589.177740,9.809791,2.015760,20.86,17.38,1
1560.227,1579.369200,1589.174238,9.805037,2.014783,19.84,16.24,1
1561.227,1579.369951,1589.174988,9.805037,2.014783,19.79,18.75,1
1562.227,1579.370452,1589.173988,9.803535,2.014475,20.62,18.17,1
1563.227,1579.371203,1589.168484,9.797281,2.013190,22.19,19.16,1
1564.227,1579.371453,1589.169985,9.798532,2.013447,22.05,20.14,1
1565.227,1579.371704,1589.167984,9.796280,2.012984,20.61,19.11,1
1566.227,1579.371203,1589.165732,9.794529,2.012624,19.82,20.41,1
1567.227,1579.370202,1589.163231,9.793029,2.012316,19.39,19.12,1
1568.227,1579.368700,1589.157477,9.788777,2.011442,19.63,19.26,1
1569.227,1579.366697,1589.153975,9.787278,2.011134,21.18,17.43,1
1570.227,1579.364445,1589.150473,9.786028,2.010877,20.60,18.25,1
1571.227,1579.361941,1589.147721,9.785780,2.010826,18.63,18.79,1
1572.227,1579.359689,1589.141717,9.782029,2.010056,18.01,19.56,1
1573.227,1579.356935,1589.137965,9.781030,2.009850,18.47,20.45,1
1574.227,1579.354682,1589.132962,9.778280,2.009285,20.76,19.50,1
1575.227,1579.352930,1589.130710,9.777780,2.009183,20.47,19.83,1
1576.227,1579.351679,1589.131461,9.779782,2.009594,19.19,19.67,1
1577.227,1579.351428,1589.127208,9.775780,2.008772,19.03,20.40,1
1578.227,1579.351679,1589.126708,9.775029,2.008617,19.60,19.71,1
1579.227,1579.352680,1589.128959,9.776280,2.008874,19.75,20.36,1
1580.227,1579.354182,1589.126208,9.772026,2.008000,19.87,22.07,1
1581.227,1579.355934,1589.126458,9.770524,2.007692,20.82,21.17,1
1582.227,1579.357936,1589.128709,9.770773,2.007743,18.93,19.72,1
1583.227,1579.360440,1589.127709,9.767269,2.007023,18.82,21.21,1
1584.227,1579.363193,1589.130210,9.767017,2.006971,17.96,23.00,1
1585.227,1579.366697,1589.130710,9.764013,2.006354,17.20,22.35,1
1586.227,1579.370202,1589.133712,9.763511,2.006250,18.23,21.65,1
1587.227,1579.373706,1589.133212,9.759506,2.005428,17.51,21.28,1
1588.227,1579.376960,1589.134963,9.758003,2.005119,17.03,21.33,1
1589.227,1579.379213,1589.134713,9.755500,2.004604,18.59,22.31,1
1590.227,1579.381216,1589.134963,9.753748,2.004244,19.68,21.58,1
1591.227,1579.382217,1589.133462,9.751245,2.003730,20.87,23.26,1
1592.227,1579.382717,1589.131461,9.748744,2.003216,21.66,22.82,1
1593.227,1579.382717,1589.129960,9.747243,2.002908,20.10,23.39,1
1594.227,1579.382467,1589.126708,9.744241,2.002291,19.31,21.48,1
1595.227,1579.381466,1589.124206,9.742741,2.001983,19.45,22.55,1
1596.227,1579.379964,1589.121955,9.741991,2.001828,20.29,20.60,1
1597.227,1579.378212,1589.116952,9.738740,2.001160,20.38,21.56,1
1598.227,1579.376460,1589.113450,9.736990,2.000801,20.46,22.53,1
1599.227,1579.375208,1589.108947,9.733739,2.000133,18.34,22.49,1
1600.227,1579.373956,1589.105445,9.731488,1.999670,17.77,21.35,1
1601.227,1579.372955,1589.102943,9.729988,1.999362,18.97,22.63,1
1602.227,1579.371453,1589.098941,9.727487,1.998848,19.27,25.19,1
1603.227,1579.370202,1589.095188,9.724987,1.998334,19.34,23.31,1
1604.227,1579.368950,1589.092937,9.723987,1.998129,18.97,24.65,1
1605.227,1579.368700,1589.091186,9.722486,1.997820,18.55,23.15,1
1606.227,1579.368700,1589.089435,9.720735,1.997461,18.48,23.69,1
1607.227,1579.369451,1589.087934,9.718483,1.996998,18.31,25.21,1
1608.227,1579.370702,1589.087433,9.716731,1.996638,18.64,23.79,1
1609.227,1579.372455,1589.087433,9.714979,1.996278,18.82,24.09,1
1610.227,1579.373956,1589.087183,9.713227,1.995918,18.23,25.64,1
1611.227,1579.376710,1589.087684,9.710974,1.995455,16.09,24.97,1
1612.227,1579.379463,1589.088434,9.708971,1.995043,15.41,24.60,1
1613.227,1579.382467,1589.090435,9.707968,1.994837,16.14,24.96,1
