file,lam_i_nm,lam_j_nm,span_nm,lam_center_nm,dnu_THz,fringes,tau_aux_ns
1mA_sweep_ofdr_1mA_run1_2026-09-01_17-13-23.npz,1530.000000,1535.000000,5.000000,1532.500000,0.638250,13015.967089,20.393208
1mA_sweep_ofdr_1mA_run1_2026-09-01_17-13-23.npz,1530.000000,1540.000000,10.000000,1535.000000,1.272356,25947.759627,20.393479
1mA_sweep_ofdr_1mA_run1_2026-09-01_17-13-23.npz,1530.000000,1545.000000,15.000000,1537.500000,1.902357,38791.226588,20.391138
1mA_sweep_ofdr_1mA_run1_2026-09-01_17-13-23.npz,1530.000000,1550.000000,20.000000,1540.000000,2.528294,51536.459488,20.383887
1mA_sweep_ofdr_1mA_run1_2026-09-01_17-13-23.npz,1530.000000,1555.000000,25.000000,1542.500000,3.150206,64227.621732,20.388391
1mA_sweep_ofdr_1mA_run1_2026-09-01_17-13-23.npz,1530.000000,1560.000000,30.000000,1545.000000,3.768130,76817.098387,20.385998
1mA_sweep_ofdr_1mA_run1_2026-09-01_17-13-23.npz,1530.000000,1565.000000,35.000000,1547.500000,4.382107,89351.931228,20.390176
1mA_sweep_ofdr_1mA_run1_2026-09-01_17-13-23.npz,1535.000000,1540.000000,5.000000,1537.500000,0.634106,12931.792538,20.393751
1mA_sweep_ofdr_1mA_run1_2026-09-01_17-13-23.npz,1535.000000,1545.000000,10.000000,1540.000000,1.264107,25775.259499,20.390093
1mA_sweep_ofdr_1mA_run1_2026-09-01_17-13-23.npz,1535.000000,1550.000000,15.000000,1542.500000,1.890044,38520.492398,20.380740
1mA_sweep_ofdr_1mA_run1_2026-09-01_17-13-23.npz,1535.000000,1555.000000,20.000000,1545.000000,2.511955,51211.654642,20.387167
1mA_sweep_ofdr_1mA_run1_2026-09-01_17-13-23.npz,1535.000000,1560.000000,25.000000,1547.500000,3.129880,63801.131298,20.384527
1mA_sweep_ofdr_1mA_run1_2026-09-01_17-13-23.npz,1535.000000,1565.000000,30.000000,1550.000000,3.743857,76335.964139,20.389659
1mA_sweep_ofdr_1mA_run1_2026-09-01_17-13-23.npz,1540.000000,1545.000000,5.000000,1542.500000,0.630001,12843.466961,20.386411
1mA_sweep_ofdr_1mA_run1_2026-09-01_17-13-23.npz,1540.000000,1550.000000,10.000000,1545.000000,1.255938,25588.699860,20.374171
1mA_sweep_ofdr_1mA_run1_2026-09-01_17-13-23.npz,1540.000000,1555.000000,15.000000,1547.500000,1.877850,38279.862104,20.384944
1mA_sweep_ofdr_1mA_run1_2026-09-01_17-13-23.npz,1540.000000,1560.000000,20.000000,1550.000000,2.495775,50869.338760,20.382184
1mA_sweep_ofdr_1mA_run1_2026-09-01_17-13-23.npz,1540.000000,1565.000000,25.000000,1552.500000,3.109751,63404.171601,20.388824
1mA_sweep_ofdr_1mA_run1_2026-09-01_17-13-23.npz,1545.000000,1550.000000,5.000000,1547.500000,0.625937,12745.232899,20.361851
1mA_sweep_ofdr_1mA_run1_2026-09-01_17-13-23.npz,1545.000000,1555.000000,10.000000,1550.000000,1.247848,25436.395143,20.384203
1mA_sweep_ofdr_1mA_run1_2026-09-01_17-13-23.npz,1545.000000,1560.000000,15.000000,1552.500000,1.865773,38025.871799,20.380756
1mA_sweep_ofdr_1mA_run1_2026-09-01_17-13-23.npz,1545.000000,1565.000000,20.000000,1555.000000,2.479750,50560.704640,20.389438
1mA_sweep_ofdr_1mA_run1_2026-09-01_17-13-23.npz,1550.000000,1555.000000,5.000000,1552.500000,0.621912,12691.162244,20.406700
1mA_sweep_ofdr_1mA_run1_2026-09-01_17-13-23.npz,1550.000000,1560.000000,10.000000,1555.000000,1.239836,25280.638899,20.390301
1mA_sweep_ofdr_1mA_run1_2026-09-01_17-13-23.npz,1550.000000,1565.000000,15.000000,1557.500000,1.853813,37815.471741,20.398752
1mA_sweep_ofdr_1mA_run1_2026-09-01_17-13-23.npz,1555.000000,1560.000000,5.000000,1557.500000,0.617925,12589.476656,20.373796
1mA_sweep_ofdr_1mA_run1_2026-09-01_17-13-23.npz,1555.000000,1565.000000,10.000000,1560.000000,1.231901,25124.309497,20.394740
1mA_sweep_ofdr_1mA_run1_2026-09-01_17-13-23.npz,1560.000000,1565.000000,5.000000,1562.500000,0.613977,12534.832841,20.415818
1mB_sweep_ofdr_run1_2026-09-01_17-03-35.npz,1530.000000,1535.000000,5.000000,1532.500000,0.638250,13015.428409,20.392364
1mB_sweep_ofdr_run1_2026-09-01_17-03-35.npz,1530.000000,1540.000000,10.000000,1535.000000,1.272356,25946.473403,20.392468
1mB_sweep_ofdr_run1_2026-09-01_17-03-35.npz,1530.000000,1545.000000,15.000000,1537.500000,1.902357,38789.727065,20.390350
1mB_sweep_ofdr_run1_2026-09-01_17-03-35.npz,1530.000000,1550.000000,20.000000,1540.000000,2.528294,51535.582329,20.383540
1mB_sweep_ofdr_run1_2026-09-01_17-03-35.npz,1530.000000,1555.000000,25.000000,1542.500000,3.150206,64225.687527,20.387777
1mB_sweep_ofdr_run1_2026-09-01_17-03-35.npz,1530.000000,1560.000000,30.000000,1545.000000,3.768130,76813.681778,20.385091
1mB_sweep_ofdr_run1_2026-09-01_17-03-35.npz,1530.000000,1565.000000,35.000000,1547.500000,4.382107,89348.415355,20.389373
1mB_sweep_ofdr_run1_2026-09-01_17-03-35.npz,1535.000000,1540.000000,5.000000,1537.500000,0.634106,12931.044993,20.392573
1mB_sweep_ofdr_run1_2026-09-01_17-03-35.npz,1535.000000,1545.000000,10.000000,1540.000000,1.264107,25774.298656,20.389333
1mB_sweep_ofdr_run1_2026-09-01_17-03-35.npz,1535.000000,1550.000000,15.000000,1542.500000,1.890044,38520.153920,20.380561
1mB_sweep_ofdr_run1_2026-09-01_17-03-35.npz,1535.000000,1555.000000,20.000000,1545.000000,2.511955,51210.259118,20.386612
1mB_sweep_ofdr_run1_2026-09-01_17-03-35.npz,1535.000000,1560.000000,25.000000,1547.500000,3.129880,63798.253369,20.383608
1mB_sweep_ofdr_run1_2026-09-01_17-03-35.npz,1535.000000,1565.000000,30.000000,1550.000000,3.743857,76332.986946,20.388864
1mB_sweep_ofdr_run1_2026-09-01_17-03-35.npz,1540.000000,1545.000000,5.000000,1542.500000,0.630001,12843.253662,20.386072
1mB_sweep_ofdr_run1_2026-09-01_17-03-35.npz,1540.000000,1550.000000,10.000000,1545.000000,1.255938,25589.108926,20.374496
1mB_sweep_ofdr_run1_2026-09-01_17-03-35.npz,1540.000000,1555.000000,15.000000,1547.500000,1.877850,38279.214125,20.384599
1mB_sweep_ofdr_run1_2026-09-01_17-03-35.npz,1540.000000,1560.000000,20.000000,1550.000000,2.495775,50867.208375,20.381330
1mB_sweep_ofdr_run1_2026-09-01_17-03-35.npz,1540.000000,1565.000000,25.000000,1552.500000,3.109751,63401.941953,20.388107
1mB_sweep_ofdr_run1_2026-09-01_17-03-35.npz,1545.000000,1550.000000,5.000000,1547.500000,0.625937,12745.855264,20.362845
1mB_sweep_ofdr_run1_2026-09-01_17-03-35.npz,1545.000000,1555.000000,10.000000,1550.000000,1.247848,25435.960462,20.383855
1mB_sweep_ofdr_run1_2026-09-01_17-03-35.npz,1545.000000,1560.000000,15.000000,1552.500000,1.865773,38023.954713,20.379729
1mB_sweep_ofdr_run1_2026-09-01_17-03-35.npz,1545.000000,1565.000000,20.000000,1555.000000,2.479750,50558.688291,20.388624
1mB_sweep_ofdr_run1_2026-09-01_17-03-35.npz,1550.000000,1555.000000,5.000000,1552.500000,0.621912,12690.105198,20.405000
1mB_sweep_ofdr_run1_2026-09-01_17-03-35.npz,1550.000000,1560.000000,10.000000,1555.000000,1.239836,25278.099449,20.388253
1mB_sweep_ofdr_run1_2026-09-01_17-03-35.npz,1550.000000,1565.000000,15.000000,1557.500000,1.853813,37812.833026,20.397329
1mB_sweep_ofdr_run1_2026-09-01_17-03-35.npz,1555.000000,1560.000000,5.000000,1557.500000,0.617925,12587.994251,20.371397
1mB_sweep_ofdr_run1_2026-09-01_17-03-35.npz,1555.000000,1565.000000,10.000000,1560.000000,1.231901,25122.727828,20.393456
1mB_sweep_ofdr_run1_2026-09-01_17-03-35.npz,1560.000000,1565.000000,5.000000,1562.500000,0.613977,12534.733578,20.415656
1mB_sweep_ofdr_run2_2026-09-01_17-06-58.npz,1530.000000,1535.000000,5.000000,1532.500000,0.638250,13015.392423,20.392307
1mB_sweep_ofdr_run2_2026-09-01_17-06-58.npz,1530.000000,1540.000000,10.000000,1535.000000,1.272356,25946.114738,20.392186
1mB_sweep_ofdr_run2_2026-09-01_17-06-58.npz,1530.000000,1545.000000,15.000000,1537.500000,1.902357,38788.092241,20.389490
1mB_sweep_ofdr_run2_2026-09-01_17-06-58.npz,1530.000000,1550.000000,20.000000,1540.000000,2.528294,51533.040020,20.382535
1mB_sweep_ofdr_run2_2026-09-01_17-06-58.npz,1530.000000,1555.000000,25.000000,1542.500000,3.150206,64223.077776,20.386949
1mB_sweep_ofdr_run2_2026-09-01_17-06-58.npz,1530.000000,1560.000000,30.000000,1545.000000,3.768130,76810.640909,20.384284
1mB_sweep_ofdr_run2_2026-09-01_17-06-58.npz,1530.000000,1565.000000,35.000000,1547.500000,4.382107,89343.871467,20.388337
1mB_sweep_ofdr_run2_2026-09-01_17-06-58.npz,1535.000000,1540.000000,5.000000,1537.500000,0.634106,12930.722315,20.392064
1mB_sweep_ofdr_run2_2026-09-01_17-06-58.npz,1535.000000,1545.000000,10.000000,1540.000000,1.264107,25772.699817,20.388068
1mB_sweep_ofdr_run2_2026-09-01_17-06-58.npz,1535.000000,1550.000000,15.000000,1542.500000,1.890044,38517.647597,20.379235
1mB_sweep_ofdr_run2_2026-09-01_17-06-58.npz,1535.000000,1555.000000,20.000000,1545.000000,2.511955,51207.685353,20.385587
1mB_sweep_ofdr_run2_2026-09-01_17-06-58.npz,1535.000000,1560.000000,25.000000,1547.500000,3.129880,63795.248486,20.382648
1mB_sweep_ofdr_run2_2026-09-01_17-06-58.npz,1535.000000,1565.000000,30.000000,1550.000000,3.743857,76328.479044,20.387660
1mB_sweep_ofdr_run2_2026-09-01_17-06-58.npz,1540.000000,1545.000000,5.000000,1542.500000,0.630001,12841.977502,20.384047
1mB_sweep_ofdr_run2_2026-09-01_17-06-58.npz,1540.000000,1550.000000,10.000000,1545.000000,1.255938,25586.925282,20.372758
1mB_sweep_ofdr_run2_2026-09-01_17-06-58.npz,1540.000000,1555.000000,15.000000,1547.500000,1.877850,38276.963038,20.383400
1mB_sweep_ofdr_run2_2026-09-01_17-06-58.npz,1540.000000,1560.000000,20.000000,1550.000000,2.495775,50864.526171,20.380255
1mB_sweep_ofdr_run2_2026-09-01_17-06-58.npz,1540.000000,1565.000000,25.000000,1552.500000,3.109751,63397.756729,20.386761
1mB_sweep_ofdr_run2_2026-09-01_17-06-58.npz,1545.000000,1550.000000,5.000000,1547.500000,0.625937,12744.947779,20.361395
1mB_sweep_ofdr_run2_2026-09-01_17-06-58.npz,1545.000000,1555.000000,10.000000,1550.000000,1.247848,25434.985536,20.383073
1mB_sweep_ofdr_run2_2026-09-01_17-06-58.npz,1545.000000,1560.000000,15.000000,1552.500000,1.865773,38022.548669,20.378975
1mB_sweep_ofdr_run2_2026-09-01_17-06-58.npz,1545.000000,1565.000000,20.000000,1555.000000,2.479750,50555.779226,20.387451
1mB_sweep_ofdr_run2_2026-09-01_17-06-58.npz,1550.000000,1555.000000,5.000000,1552.500000,0.621912,12690.037756,20.404892
1mB_sweep_ofdr_run2_2026-09-01_17-06-58.npz,1550.000000,1560.000000,10.000000,1555.000000,1.239836,25277.600889,20.387851
1mB_sweep_ofdr_run2_2026-09-01_17-06-58.npz,1550.000000,1565.000000,15.000000,1557.500000,1.853813,37810.831447,20.396249
1mB_sweep_ofdr_run2_2026-09-01_17-06-58.npz,1555.000000,1560.000000,5.000000,1557.500000,0.617925,12587.563133,20.370700
1mB_sweep_ofdr_run2_2026-09-01_17-06-58.npz,1555.000000,1565.000000,10.000000,1560.000000,1.231901,25120.793690,20.391886
1mB_sweep_ofdr_run2_2026-09-01_17-06-58.npz,1560.000000,1565.000000,5.000000,1562.500000,0.613977,12533.230558,20.413208
1mB_sweep_ofdr_run3_2026-09-01_17-07-33.npz,1530.000000,1535.000000,5.000000,1532.500000,0.638250,13014.169260,20.390391
1mB_sweep_ofdr_run3_2026-09-01_17-07-33.npz,1530.000000,1540.000000,10.000000,1535.000000,1.272356,25944.964548,20.391282
1mB_sweep_ofdr_run3_2026-09-01_17-07-33.npz,1530.000000,1545.000000,15.000000,1537.500000,1.902357,38787.569118,20.389215
1mB_sweep_ofdr_run3_2026-09-01_17-07-33.npz,1530.000000,1550.000000,20.000000,1540.000000,2.528294,51532.098210,20.382162
1mB_sweep_ofdr_run3_2026-09-01_17-07-33.npz,1530.000000,1555.000000,25.000000,1542.500000,3.150206,64221.785153,20.386538
1mB_sweep_ofdr_run3_2026-09-01_17-07-33.npz,1530.000000,1560.000000,30.000000,1545.000000,3.768130,76809.864453,20.384078
1mB_sweep_ofdr_run3_2026-09-01_17-07-33.npz,1530.000000,1565.000000,35.000000,1547.500000,4.382107,89344.276871,20.388429
1mB_sweep_ofdr_run3_2026-09-01_17-07-33.npz,1535.000000,1540.000000,5.000000,1537.500000,0.634106,12930.795288,20.392179
1mB_sweep_ofdr_run3_2026-09-01_17-07-33.npz,1535.000000,1545.000000,10.000000,1540.000000,1.264107,25773.399859,20.388622
1mB_sweep_ofdr_run3_2026-09-01_17-07-33.npz,1535.000000,1550.000000,15.000000,1542.500000,1.890044,38517.928950,20.379384
1mB_sweep_ofdr_run3_2026-09-01_17-07-33.npz,1535.000000,1555.000000,20.000000,1545.000000,2.511955,51207.615893,20.385559
1mB_sweep_ofdr_run3_2026-09-01_17-07-33.npz,1535.000000,1560.000000,25.000000,1547.500000,3.129880,63795.695193,20.382791
1mB_sweep_ofdr_run3_2026-09-01_17-07-33.npz,1535.000000,1565.000000,30.000000,1550.000000,3.743857,76330.107611,20.388095
1mB_sweep_ofdr_run3_2026-09-01_17-07-33.npz,1540.000000,1545.000000,5.000000,1542.500000,0.630001,12842.604570,20.385042
1mB_sweep_ofdr_run3_2026-09-01_17-07-33.npz,1540.000000,1550.000000,10.000000,1545.000000,1.255938,25587.133662,20.372923
1mB_sweep_ofdr_run3_2026-09-01_17-07-33.npz,1540.000000,1555.000000,15.000000,1547.500000,1.877850,38276.820605,20.383324
1mB_sweep_ofdr_run3_2026-09-01_17-07-33.npz,1540.000000,1560.000000,20.000000,1550.000000,2.495775,50864.899905,20.380405
1mB_sweep_ofdr_run3_2026-09-01_17-07-33.npz,1540.000000,1565.000000,25.000000,1552.500000,3.109751,63399.312323,20.387262
1mB_sweep_ofdr_run3_2026-09-01_17-07-33.npz,1545.000000,1550.000000,5.000000,1547.500000,0.625937,12744.529092,20.360726
1mB_sweep_ofdr_run3_2026-09-01_17-07-33.npz,1545.000000,1555.000000,10.000000,1550.000000,1.247848,25434.216034,20.382457
1mB_sweep_ofdr_run3_2026-09-01_17-07-33.npz,1545.000000,1560.000000,15.000000,1552.500000,1.865773,38022.295335,20.378840
1mB_sweep_ofdr_run3_2026-09-01_17-07-33.npz,1545.000000,1565.000000,20.000000,1555.000000,2.479750,50556.707753,20.387826
1mB_sweep_ofdr_run3_2026-09-01_17-07-33.npz,1550.000000,1555.000000,5.000000,1552.500000,0.621912,12689.686943,20.404328
1mB_sweep_ofdr_run3_2026-09-01_17-07-33.npz,1550.000000,1560.000000,10.000000,1555.000000,1.239836,25277.766243,20.387984
1mB_sweep_ofdr_run3_2026-09-01_17-07-33.npz,1550.000000,1565.000000,15.000000,1557.500000,1.853813,37812.178661,20.396976
1mB_sweep_ofdr_run3_2026-09-01_17-07-33.npz,1555.000000,1560.000000,5.000000,1557.500000,0.617925,12588.079300,20.371535
1mB_sweep_ofdr_run3_2026-09-01_17-07-33.npz,1555.000000,1565.000000,10.000000,1560.000000,1.231901,25122.491718,20.393264
1mB_sweep_ofdr_run3_2026-09-01_17-07-33.npz,1560.000000,1565.000000,5.000000,1562.500000,0.613977,12534.412418,20.415133
3mB1mB_sweep_ofdr_run1_2026-09-01_17-37-32.npz,1530.000000,1535.000000,5.000000,1532.500000,0.638250,13015.530138,20.392523
3mB1mB_sweep_ofdr_run1_2026-09-01_17-37-32.npz,1530.000000,1540.000000,10.000000,1535.000000,1.272356,25946.240442,20.392285
3mB1mB_sweep_ofdr_run1_2026-09-01_17-37-32.npz,1530.000000,1545.000000,15.000000,1537.500000,1.902357,38789.458829,20.390209
3mB1mB_sweep_ofdr_run1_2026-09-01_17-37-32.npz,1530.000000,1550.000000,20.000000,1540.000000,2.528294,51534.810717,20.383235
3mB1mB_sweep_ofdr_run1_2026-09-01_17-37-32.npz,1530.000000,1555.000000,25.000000,1542.500000,3.150206,64225.279545,20.387647
3mB1mB_sweep_ofdr_run1_2026-09-01_17-37-32.npz,1530.000000,1560.000000,30.000000,1545.000000,3.768130,76813.359733,20.385005
3mB1mB_sweep_ofdr_run1_2026-09-01_17-37-32.npz,1530.000000,1565.000000,35.000000,1547.500000,4.382107,89347.562891,20.389179
3mB1mB_sweep_ofdr_run1_2026-09-01_17-37-32.npz,1535.000000,1540.000000,5.000000,1537.500000,0.634106,12930.710303,20.392045
3mB1mB_sweep_ofdr_run1_2026-09-01_17-37-32.npz,1535.000000,1545.000000,10.000000,1540.000000,1.264107,25773.928690,20.389040
3mB1mB_sweep_ofdr_run1_2026-09-01_17-37-32.npz,1535.000000,1550.000000,15.000000,1542.500000,1.890044,38519.280579,20.380099
3mB1mB_sweep_ofdr_run1_2026-09-01_17-37-32.npz,1535.000000,1555.000000,20.000000,1545.000000,2.511955,51209.749407,20.386409
3mB1mB_sweep_ofdr_run1_2026-09-01_17-37-32.npz,1535.000000,1560.000000,25.000000,1547.500000,3.129880,63797.829594,20.383472
3mB1mB_sweep_ofdr_run1_2026-09-01_17-37-32.npz,1535.000000,1565.000000,30.000000,1550.000000,3.743857,76332.032753,20.388609
3mB1mB_sweep_ofdr_run1_2026-09-01_17-37-32.npz,1540.000000,1545.000000,5.000000,1542.500000,0.630001,12843.218387,20.386016
3mB1mB_sweep_ofdr_run1_2026-09-01_17-37-32.npz,1540.000000,1550.000000,10.000000,1545.000000,1.255938,25588.570276,20.374067
3mB1mB_sweep_ofdr_run1_2026-09-01_17-37-32.npz,1540.000000,1555.000000,15.000000,1547.500000,1.877850,38279.039104,20.384505
3mB1mB_sweep_ofdr_run1_2026-09-01_17-37-32.npz,1540.000000,1560.000000,20.000000,1550.000000,2.495775,50867.119291,20.381294
3mB1mB_sweep_ofdr_run1_2026-09-01_17-37-32.npz,1540.000000,1565.000000,25.000000,1552.500000,3.109751,63401.322450,20.387908
3mB1mB_sweep_ofdr_run1_2026-09-01_17-37-32.npz,1545.000000,1550.000000,5.000000,1547.500000,0.625937,12745.351889,20.362041
3mB1mB_sweep_ofdr_run1_2026-09-01_17-37-32.npz,1545.000000,1555.000000,10.000000,1550.000000,1.247848,25435.820717,20.383743
3mB1mB_sweep_ofdr_run1_2026-09-01_17-37-32.npz,1545.000000,1560.000000,15.000000,1552.500000,1.865773,38023.900904,20.379700
3mB1mB_sweep_ofdr_run1_2026-09-01_17-37-32.npz,1545.000000,1565.000000,20.000000,1555.000000,2.479750,50558.104063,20.388389
3mB1mB_sweep_ofdr_run1_2026-09-01_17-37-32.npz,1550.000000,1555.000000,5.000000,1552.500000,0.621912,12690.468828,20.405585
3mB1mB_sweep_ofdr_run1_2026-09-01_17-37-32.npz,1550.000000,1560.000000,10.000000,1555.000000,1.239836,25278.549015,20.388615
3mB1mB_sweep_ofdr_run1_2026-09-01_17-37-32.npz,1550.000000,1565.000000,15.000000,1557.500000,1.853813,37812.752174,20.397285
3mB1mB_sweep_ofdr_run1_2026-09-01_17-37-32.npz,1555.000000,1560.000000,5.000000,1557.500000,0.617925,12588.080187,20.371536
3mB1mB_sweep_ofdr_run1_2026-09-01_17-37-32.npz,1555.000000,1565.000000,10.000000,1560.000000,1.231901,25122.283346,20.393095
3mB1mB_sweep_ofdr_run1_2026-09-01_17-37-32.npz,1560.000000,1565.000000,5.000000,1562.500000,0.613977,12534.203159,20.414792
3mB_sweep_ofdr_run1_2026-09-01_17-21-13.npz,1530.000000,1535.000000,5.000000,1532.500000,0.638250,13015.027933,20.391736
3mB_sweep_ofdr_run1_2026-09-01_17-21-13.npz,1530.000000,1540.000000,10.000000,1535.000000,1.272356,25945.579814,20.391766
3mB_sweep_ofdr_run1_2026-09-01_17-21-13.npz,1530.000000,1545.000000,15.000000,1537.500000,1.902357,38788.266118,20.389582
3mB_sweep_ofdr_run1_2026-09-01_17-21-13.npz,1530.000000,1550.000000,20.000000,1540.000000,2.528294,51532.789842,20.382436
3mB_sweep_ofdr_run1_2026-09-01_17-21-13.npz,1530.000000,1555.000000,25.000000,1542.500000,3.150206,64223.154935,20.386973
3mB_sweep_ofdr_run1_2026-09-01_17-21-13.npz,1530.000000,1560.000000,30.000000,1545.000000,3.768130,76811.563866,20.384529
3mB_sweep_ofdr_run1_2026-09-01_17-21-13.npz,1530.000000,1565.000000,35.000000,1547.500000,4.382107,89345.942817,20.388809
3mB_sweep_ofdr_run1_2026-09-01_17-21-13.npz,1535.000000,1540.000000,5.000000,1537.500000,0.634106,12930.551881,20.391795
3mB_sweep_ofdr_run1_2026-09-01_17-21-13.npz,1535.000000,1545.000000,10.000000,1540.000000,1.264107,25773.238185,20.388494
3mB_sweep_ofdr_run1_2026-09-01_17-21-13.npz,1535.000000,1550.000000,15.000000,1542.500000,1.890044,38517.761909,20.379295
3mB_sweep_ofdr_run1_2026-09-01_17-21-13.npz,1535.000000,1555.000000,20.000000,1545.000000,2.511955,51208.127002,20.385763
3mB_sweep_ofdr_run1_2026-09-01_17-21-13.npz,1535.000000,1560.000000,25.000000,1547.500000,3.129880,63796.535933,20.383059
3mB_sweep_ofdr_run1_2026-09-01_17-21-13.npz,1535.000000,1565.000000,30.000000,1550.000000,3.743857,76330.914884,20.388310
3mB_sweep_ofdr_run1_2026-09-01_17-21-13.npz,1540.000000,1545.000000,5.000000,1542.500000,0.630001,12842.686304,20.385172
3mB_sweep_ofdr_run1_2026-09-01_17-21-13.npz,1540.000000,1550.000000,10.000000,1545.000000,1.255938,25587.210028,20.372984
3mB_sweep_ofdr_run1_2026-09-01_17-21-13.npz,1540.000000,1555.000000,15.000000,1547.500000,1.877850,38277.575121,20.383726
3mB_sweep_ofdr_run1_2026-09-01_17-21-13.npz,1540.000000,1560.000000,20.000000,1550.000000,2.495775,50865.984052,20.380840
3mB_sweep_ofdr_run1_2026-09-01_17-21-13.npz,1540.000000,1565.000000,25.000000,1552.500000,3.109751,63400.363003,20.387600
3mB_sweep_ofdr_run1_2026-09-01_17-21-13.npz,1545.000000,1550.000000,5.000000,1547.500000,0.625937,12744.523724,20.360718
3mB_sweep_ofdr_run1_2026-09-01_17-21-13.npz,1545.000000,1555.000000,10.000000,1550.000000,1.247848,25434.888817,20.382996
3mB_sweep_ofdr_run1_2026-09-01_17-21-13.npz,1545.000000,1560.000000,15.000000,1552.500000,1.865773,38023.297748,20.379377
3mB_sweep_ofdr_run1_2026-09-01_17-21-13.npz,1545.000000,1565.000000,20.000000,1555.000000,2.479750,50557.676699,20.388216
3mB_sweep_ofdr_run1_2026-09-01_17-21-13.npz,1550.000000,1555.000000,5.000000,1552.500000,0.621912,12690.365093,20.405418
3mB_sweep_ofdr_run1_2026-09-01_17-21-13.npz,1550.000000,1560.000000,10.000000,1555.000000,1.239836,25278.774024,20.388797
3mB_sweep_ofdr_run1_2026-09-01_17-21-13.npz,1550.000000,1565.000000,15.000000,1557.500000,1.853813,37813.152975,20.397501
3mB_sweep_ofdr_run1_2026-09-01_17-21-13.npz,1555.000000,1560.000000,5.000000,1557.500000,0.617925,12588.408931,20.372068
3mB_sweep_ofdr_run1_2026-09-01_17-21-13.npz,1555.000000,1565.000000,10.000000,1560.000000,1.231901,25122.787882,20.393505
3mB_sweep_ofdr_run1_2026-09-01_17-21-13.npz,1560.000000,1565.000000,5.000000,1562.500000,0.613977,12534.378951,20.415078
nofiber_sweep_ofdr_run1_2026-09-01_17-16-56.npz,1530.000000,1535.000000,5.000000,1532.500000,0.638250,13015.387649,20.392300
nofiber_sweep_ofdr_run1_2026-09-01_17-16-56.npz,1530.000000,1540.000000,10.000000,1535.000000,1.272356,25947.214487,20.393050
nofiber_sweep_ofdr_run1_2026-09-01_17-16-56.npz,1530.000000,1545.000000,15.000000,1537.500000,1.902357,38791.248469,20.391150
nofiber_sweep_ofdr_run1_2026-09-01_17-16-56.npz,1530.000000,1550.000000,20.000000,1540.000000,2.528294,51538.016232,20.384503
nofiber_sweep_ofdr_run1_2026-09-01_17-16-56.npz,1530.000000,1555.000000,25.000000,1542.500000,3.150206,64230.205636,20.389211
nofiber_sweep_ofdr_run1_2026-09-01_17-16-56.npz,1530.000000,1560.000000,30.000000,1545.000000,3.768130,76819.604951,20.386663
nofiber_sweep_ofdr_run1_2026-09-01_17-16-56.npz,1530.000000,1565.000000,35.000000,1547.500000,4.382107,89355.386754,20.390964
nofiber_sweep_ofdr_run1_2026-09-01_17-16-56.npz,1535.000000,1540.000000,5.000000,1537.500000,0.634106,12931.826839,20.393806
nofiber_sweep_ofdr_run1_2026-09-01_17-16-56.npz,1535.000000,1545.000000,10.000000,1540.000000,1.264107,25775.860820,20.390569
nofiber_sweep_ofdr_run1_2026-09-01_17-16-56.npz,1535.000000,1550.000000,15.000000,1542.500000,1.890044,38522.628583,20.381870
nofiber_sweep_ofdr_run1_2026-09-01_17-16-56.npz,1535.000000,1555.000000,20.000000,1545.000000,2.511955,51214.817987,20.388426
nofiber_sweep_ofdr_run1_2026-09-01_17-16-56.npz,1535.000000,1560.000000,25.000000,1547.500000,3.129880,63804.217302,20.385513
nofiber_sweep_ofdr_run1_2026-09-01_17-16-56.npz,1535.000000,1565.000000,30.000000,1550.000000,3.743857,76339.999105,20.390737
nofiber_sweep_ofdr_run1_2026-09-01_17-16-56.npz,1540.000000,1545.000000,5.000000,1542.500000,0.630001,12844.033981,20.387311
nofiber_sweep_ofdr_run1_2026-09-01_17-16-56.npz,1540.000000,1550.000000,10.000000,1545.000000,1.255938,25590.801745,20.375844
nofiber_sweep_ofdr_run1_2026-09-01_17-16-56.npz,1540.000000,1555.000000,15.000000,1547.500000,1.877850,38282.991148,20.386610
nofiber_sweep_ofdr_run1_2026-09-01_17-16-56.npz,1540.000000,1560.000000,20.000000,1550.000000,2.495775,50872.390463,20.383407
nofiber_sweep_ofdr_run1_2026-09-01_17-16-56.npz,1540.000000,1565.000000,25.000000,1552.500000,3.109751,63408.172266,20.390111
nofiber_sweep_ofdr_run1_2026-09-01_17-16-56.npz,1545.000000,1550.000000,5.000000,1547.500000,0.625937,12746.767763,20.364303
nofiber_sweep_ofdr_run1_2026-09-01_17-16-56.npz,1545.000000,1555.000000,10.000000,1550.000000,1.247848,25438.957167,20.386256
nofiber_sweep_ofdr_run1_2026-09-01_17-16-56.npz,1545.000000,1560.000000,15.000000,1552.500000,1.865773,38028.356482,20.382088
nofiber_sweep_ofdr_run1_2026-09-01_17-16-56.npz,1545.000000,1565.000000,20.000000,1555.000000,2.479750,50564.138285,20.390822
nofiber_sweep_ofdr_run1_2026-09-01_17-16-56.npz,1550.000000,1555.000000,5.000000,1552.500000,0.621912,12692.189403,20.408352
nofiber_sweep_ofdr_run1_2026-09-01_17-16-56.npz,1550.000000,1560.000000,10.000000,1555.000000,1.239836,25281.588718,20.391067
nofiber_sweep_ofdr_run1_2026-09-01_17-16-56.npz,1550.000000,1565.000000,15.000000,1557.500000,1.853813,37817.370522,20.399776
nofiber_sweep_ofdr_run1_2026-09-01_17-16-56.npz,1555.000000,1560.000000,5.000000,1557.500000,0.617925,12589.399315,20.373671
nofiber_sweep_ofdr_run1_2026-09-01_17-16-56.npz,1555.000000,1565.000000,10.000000,1560.000000,1.231901,25125.181118,20.395447
nofiber_sweep_ofdr_run1_2026-09-01_17-16-56.npz,1560.000000,1565.000000,5.000000,1562.500000,0.613977,12535.781803,20.417363
sweep_ofdr_3mBonly_check_2026-09-01_17-57-10.npz,1530.000000,1535.000000,5.000000,1532.500000,0.638250,13016.544994,20.394113
sweep_ofdr_3mBonly_check_2026-09-01_17-57-10.npz,1530.000000,1540.000000,10.000000,1535.000000,1.272356,25948.538967,20.394091
sweep_ofdr_3mBonly_check_2026-09-01_17-57-10.npz,1530.000000,1545.000000,15.000000,1537.500000,1.902357,38792.203068,20.391651
sweep_ofdr_3mBonly_check_2026-09-01_17-57-10.npz,1530.000000,1550.000000,20.000000,1540.000000,2.528294,51537.388887,20.384255
sweep_ofdr_3mBonly_check_2026-09-01_17-57-10.npz,1530.000000,1555.000000,25.000000,1542.500000,3.150206,64227.517363,20.388358
sweep_ofdr_3mBonly_check_2026-09-01_17-57-10.npz,1530.000000,1560.000000,30.000000,1545.000000,3.768130,76815.753502,20.385641
sweep_ofdr_3mBonly_check_2026-09-01_17-57-10.npz,1530.000000,1565.000000,35.000000,1547.500000,4.382107,89349.875840,20.389707
sweep_ofdr_3mBonly_check_2026-09-01_17-57-10.npz,1535.000000,1540.000000,5.000000,1537.500000,0.634106,12931.993972,20.394069
sweep_ofdr_3mBonly_check_2026-09-01_17-57-10.npz,1535.000000,1545.000000,10.000000,1540.000000,1.264107,25775.658074,20.390408
sweep_ofdr_3mBonly_check_2026-09-01_17-57-10.npz,1535.000000,1550.000000,15.000000,1542.500000,1.890044,38520.843892,20.380926
sweep_ofdr_3mBonly_check_2026-09-01_17-57-10.npz,1535.000000,1555.000000,20.000000,1545.000000,2.511955,51210.972368,20.386895
sweep_ofdr_3mBonly_check_2026-09-01_17-57-10.npz,1535.000000,1560.000000,25.000000,1547.500000,3.129880,63799.208507,20.383913
sweep_ofdr_3mBonly_check_2026-09-01_17-57-10.npz,1535.000000,1565.000000,30.000000,1550.000000,3.743857,76333.330846,20.388955
sweep_ofdr_3mBonly_check_2026-09-01_17-57-10.npz,1540.000000,1545.000000,5.000000,1542.500000,0.630001,12843.664102,20.386724
sweep_ofdr_3mBonly_check_2026-09-01_17-57-10.npz,1540.000000,1550.000000,10.000000,1545.000000,1.255938,25588.849920,20.374290
sweep_ofdr_3mBonly_check_2026-09-01_17-57-10.npz,1540.000000,1555.000000,15.000000,1547.500000,1.877850,38278.978396,20.384473
sweep_ofdr_3mBonly_check_2026-09-01_17-57-10.npz,1540.000000,1560.000000,20.000000,1550.000000,2.495775,50867.214535,20.381333
sweep_ofdr_3mBonly_check_2026-09-01_17-57-10.npz,1540.000000,1565.000000,25.000000,1552.500000,3.109751,63401.336874,20.387913
sweep_ofdr_3mBonly_check_2026-09-01_17-57-10.npz,1545.000000,1550.000000,5.000000,1547.500000,0.625937,12745.185819,20.361776
sweep_ofdr_3mBonly_check_2026-09-01_17-57-10.npz,1545.000000,1555.000000,10.000000,1550.000000,1.247848,25435.314295,20.383337
sweep_ofdr_3mBonly_check_2026-09-01_17-57-10.npz,1545.000000,1560.000000,15.000000,1552.500000,1.865773,38023.550433,20.379512
sweep_ofdr_3mBonly_check_2026-09-01_17-57-10.npz,1545.000000,1565.000000,20.000000,1555.000000,2.479750,50557.672772,20.388215
sweep_ofdr_3mBonly_check_2026-09-01_17-57-10.npz,1550.000000,1555.000000,5.000000,1552.500000,0.621912,12690.128476,20.405038
sweep_ofdr_3mBonly_check_2026-09-01_17-57-10.npz,1550.000000,1560.000000,10.000000,1555.000000,1.239836,25278.364615,20.388467
sweep_ofdr_3mBonly_check_2026-09-01_17-57-10.npz,1550.000000,1565.000000,15.000000,1557.500000,1.853813,37812.486953,20.397142
sweep_ofdr_3mBonly_check_2026-09-01_17-57-10.npz,1555.000000,1560.000000,5.000000,1557.500000,0.617925,12588.236139,20.371789
sweep_ofdr_3mBonly_check_2026-09-01_17-57-10.npz,1555.000000,1565.000000,10.000000,1560.000000,1.231901,25122.358477,20.393156
sweep_ofdr_3mBonly_check_2026-09-01_17-57-10.npz,1560.000000,1565.000000,5.000000,1562.500000,0.613977,12534.122339,20.414661
