run,kind,connector_mm,connector_dB,endA_mm,endA_dB,LA_own_m,LA_ref_m,endB_mm,endB_dB,LB_own_m,LB_ref_m,endC_mm,endC_dB,LC_own_m,LC_ref_m
sweep_ofdr_mk2_nofiber_run1_2026-10-01_10-46-06.npz,without,2709.9661,0.43
sweep_ofdr_mk2_nofiber_run2_2026-10-01_10-46-48.npz,without,2709.9942,0.52
sweep_ofdr_mk2_nofiber_run3_2026-10-01_10-47-29.npz,without,2709.9740,0.01
sweep_ofdr_mk2_2m_run1_2026-10-01_10-20-00.npz,with,2710.0247,-20.60,4806.0304,-5.66,2.096006,2.096052,4807.5928,-4.69,2.097568,2.097615,4809.2850,-8.24,2.099260,2.099307
sweep_ofdr_mk2_2m_run3_2026-10-01_10-23-11.npz,with,2710.1015,-20.51,4806.1724,-5.82,2.096071,2.096194,4807.7398,-5.05,2.097638,2.097762,4809.4274,-8.02,2.099326,2.099449
sweep_ofdr_mk2_2m_run5_2026-10-01_10-28-27.npz,with,2710.0211,-21.21,4806.0250,-6.37,2.096004,2.096047,4807.5875,-5.55,2.097566,2.097609,4809.2784,-8.78,2.099257,2.099300
sweep_ofdr_mk2_2m_run7_2026-10-01_10-36-19.npz,with,2710.1346,-20.88,4806.2201,-5.90,2.096085,2.096242,4807.7796,-4.67,2.097645,2.097802,4809.4728,-7.98,2.099338,2.099495
sweep_ofdr_mk2_2m_run8_2026-10-01_10-36-59.npz,with,2710.1432,-20.85,4806.2398,-5.56,2.096097,2.096262,4807.8044,-4.80,2.097661,2.097826,4809.4934,-8.26,2.099350,2.099515
sweep_ofdr_mk2_2m_run9_2026-10-01_10-37-44.npz,with,2710.1925,-20.56,4806.3369,-5.21,2.096144,2.096359,4807.9037,-4.75,2.097711,2.097926,4809.5916,-8.31,2.099399,2.099613
